annotation_id,comment,id,rating,–í–æ–ø—Ä–æ—Å —Ä–µ—à–µ–Ω,–ù—Ä–∞–≤–∏—Ç—Å—è –∫–∞—á–µ—Å—Ç–≤–æ –≤—ã–ø–æ–ª–Ω–µ–Ω–∏—è –∑–∞—è–≤–∫–∏,–ù—Ä–∞–≤–∏—Ç—Å—è –∫–∞—á–µ—Å—Ç–≤–æ —Ä–∞–±–æ—Ç—ã —Å–æ—Ç—Ä—É–¥–Ω–∏–∫–æ–≤,–ù—Ä–∞–≤–∏—Ç—Å—è —Å–∫–æ—Ä–æ—Å—Ç—å –æ—Ç—Ä–∞–±–æ—Ç–∫–∏ –∑–∞—è–≤–æ–∫,–ü–æ–Ω—Ä–∞–≤–∏–ª–æ—Å—å –≤—ã–ø–æ–ª–Ω–µ–Ω–∏–µ –∑–∞—è–≤–∫–∏,–î—Ä—É–≥–æ–µ
101,—Å–ø–∞—Å–∏–±–æ,2945792,5,1.0,0.0,0.0,0.0,0.0,0
102,—Å–ø–∞—Å–∏–±–æ!,3234340,5,1.0,0.0,0.0,0.0,0.0,0
103,–û—Ç–ª–∏—á–Ω–æ ,3380332,5,1.0,0.0,0.0,0.0,0.0,0
104,–ë–ª–∞–≥–æ–¥–∞—Ä—é –∑–∞ –æ–ø–µ—Ä–∞—Ç–∏–≤–Ω–æ–µ —Ä–µ—à–µ–Ω–∏–µ –ø—Ä–æ–±–ª–µ–º—ã ! ,3381812,5,1.0,0.0,0.0,1.0,0.0,0
105,–ü—Ä–µ–∫—Ä–∞—Å–Ω—ã–π —Å–ø–µ—Ü–∏–∞–ª–∏—Å—Ç! –ü–æ–±–æ–ª—å—à–µ —Ç–∞–∫–∏—Ö,3461991,5,0.0,0.0,1.0,0.0,0.0,0
106,–°–ø–∞—Å–∏–±–æ ,3551430,5,1.0,0.0,0.0,0.0,0.0,0
107,"–ø–µ—Ä–µ—Å—á–µ—Ç, –∏ —Å–∫–æ—Ä–æ—Å—Ç—å 
",3572768,1,0.0,0.0,0.0,1.0,0.0,0
108,–°–ø–∞—Å–∏–±–æ –∑–∞ –æ–±–Ω–æ–≤–ª–µ–Ω–∏–µ –ø–æ–∫—Ä–∞—Å–∫–∏ —Å—Ç–µ–Ω,3584536,5,1.0,0.0,0.0,0.0,0.0,0
109,–≤—ã–ø–æ–ª–Ω–∏–ª–∏ –±—ã—Å—Ç—Ä–æ,3596020,5,0.0,0.0,0.0,1.0,0.0,0
110,–°–ø–∞—Å–∏–±–æ! ,3617808,5,1.0,0.0,0.0,0.0,0.0,0
111,—Å–ø–∞—Å–∏–±–æ —É–ø—Ä–∞–≤–ª—è—é—â–µ–π –∫–æ–º–ø–∞–Ω–∏–∏ –∑–∞ —Ç–æ —á—Ç–æ  –ø—Ä–∏—Å–ª–∞–ª–∏ –≥—Ä–∞–º–æ—Ç–Ω–æ–≥–æ —Å–ø–µ—Ü–∏–∞–ª–∏—Å—Ç–∞ –∏ –±—ã—Å—Ç—Ä–æ –æ—Ç—Ä–µ–∞–≥–∏—Ä–æ–≤–∞–ª–∏ –Ω–∞ –∑–∞—è–≤–∫—É ,3627490,5,0.0,0.0,1.0,1.0,0.0,0
112,"—Å–ø–∞—Å–∏–±–æ 
",3657819,5,1.0,0.0,0.0,0.0,0.0,0
114,–†–µ—à–∏–ª–∏ –º–æ–π –≤–æ–ø—Ä–æ—Å. –°–ø–∞—Å–∏–±–æ! ,3695420,5,1.0,0.0,0.0,0.0,0.0,0
115,–û—á–µ–Ω—å —Ä–∞–¥—É–µ—Ç —Ä–∞–±–æ—Ç–∞ –£–ö. –û–ø–µ—Ä–∞—Ç–∏–≤–Ω–æ! –°–ø–∞—Å–∏–±–æ!,3716702,5,1.0,0.0,0.0,1.0,0.0,0
116,–í—Å–µ –∏—Å–ø—Ä–∞–≤–∏–ª–∏ ,3726842,5,1.0,0.0,0.0,0.0,0.0,0
117,—Å–ø–∞—Å–∏–±–æ –∑–∞ –æ–ø–µ—Ä–∞—Ç–∏–≤–Ω—É—é —Ä–∞–±–æ—Ç—É ,3745025,5,0.0,0.0,0.0,1.0,0.0,0
118,"–í—ã–ø–æ–ª–Ω–∏–ª–∏ –æ—Ç–ª–∏—á–Ω–æ , –æ–±—Ä–∞–±–æ—Ç–∫–∞ –∑–∞—è–≤–∫–∏ –±—ã–ª–∞ —Å–ª–∏—à–∫–æ–º –¥–æ—Ä–æ–≥–æ–π ",3749719,5,0.0,0.0,0.0,0.0,1.0,0
119,—Å–ø–∞—Å–∏–±–æ –±–æ–ª—å—à–æ–µ! —Ç–µ–ø–µ—Ä—å –Ω–µ —Å–∫—Ä–∏–ø—è—Ç ,3751364,5,0.0,0.0,0.0,0.0,1.0,0
121,–°–ø–∞—Å–∏–±–æ!,3770102,5,1.0,0.0,0.0,0.0,0.0,0
122,–ù–æ—Ä–º,3773834,1,0.0,0.0,0.0,0.0,0.0,1
123,—Å–ø–∞—Å–∏–±–æ. –≤—Å–µ –ø—Ä–æ—à–ª–æ –æ—á–µ–Ω—å —Ö–æ—Ä–æ—à–æ,3791959,5,1.0,0.0,0.0,0.0,0.0,0
124,"–°–ø–∞—Å–∏–±–æ, –ø—Ä–∏—à–ª–∏ –≤—Å–µ –ø–æ–º–µ–Ω—è–ª–∏ –∑–∞ 10 –º–∏–Ω—É—Ç ",3797804,5,0.0,0.0,0.0,1.0,0.0,0
125,–í—Å–µ –æ—á–µ–Ω—å –æ–ø–µ—Ä–∞—Ç–∏–≤–Ω–æ ,3799741,5,0.0,0.0,0.0,1.0,0.0,0
126,–û–≥—Ä–æ–º–Ω–æ–µ —Å–ø–∞—Å–∏–±–æ.,3802024,5,1.0,0.0,0.0,0.0,0.0,0
127,–í—Å–µ –æ—Ç–ª–∏—á–Ω–æ! –°–ø–∞—Å–∏–±–æ.,3805876,5,1.0,0.0,0.0,0.0,0.0,0
128,–•–æ—Ä–æ—à–∏–π –º–∞—Å—Ç–µ—Ä,3812092,5,0.0,0.0,0.0,1.0,0.0,0
129,"–°–ø–∞—Å–∏–±–æ –∑–∞ –æ–ø–µ—Ä–∞—Ç–∏–≤–Ω–æ—Å—Ç—å! 
",3815412,5,0.0,0.0,0.0,1.0,0.0,0
130,"–≤—ã–ø–æ–ª–Ω–µ–Ω–∞

",3820641,5,1.0,0.0,0.0,0.0,0.0,0
131,"–í—Å–µ —Å—É–ø–µ—Ä, –ú–∞—Å—Ç–µ—Ä üëç",3828569,5,0.0,0.0,1.0,0.0,0.0,0
132,–ë–ª–∞–≥–æ–¥–∞—Ä—é —Ä–µ–±—è—Ç.,3829748,5,0.0,0.0,1.0,0.0,0.0,0
133,–°–ø–∞—Å–∏–±–æ –±–æ–ª—å—à–æ–µ ,3831509,5,1.0,0.0,0.0,0.0,0.0,0
136,"–ü—Ä–æ–±–ª–µ–º–∞ —Ä–µ—à–µ–Ω–∞, —Ä—É—á–∫–∏ –Ω–∞ –æ–∫–Ω–∞ –ø–æ—Å—Ç–∞–≤–∏–ª–∏.
–°–ø–∞—Å–∏–±–æ –∑–∞ –æ–±—Ä–∞—Ç–Ω—É—é —Å–≤—è–∑—å!",3834081,5,1.0,0.0,0.0,0.0,1.0,0
137,–ë–ª–∞–≥–æ–¥–∞—Ä—é –∑–∞ –ø—Ä–æ–¥–µ–ª–∞–Ω–Ω—É—é —Ä–∞–±–æ—Ç—É! ,3835748,5,1.0,0.0,0.0,0.0,1.0,0
138,"–Ω–∞–¥–µ—é—Å—å –∏ –ø—Ä–∏—á–∏–Ω—É —É—Å—Ç—Ä–∞–Ω–∏–ª–∏, –∞ —Ç–æ –ø–æ—Å–ª–µ –ø–µ—Ä–≤–æ–≥–æ –¥–æ–∂–¥—è –±—É–¥–µ—Ç —Ç–æ–∂–µ —Å–∞–º–æ–µ..",3835874,5,1.0,0.0,0.0,0.0,0.0,0
139,"–°–ø–∞—Å–∏–±–æ, –≤—Å—ë —á—ë—Ç–∫–æ.",3839647,5,1.0,0.0,0.0,0.0,1.0,0
140,–ë–ª–∞–≥–æ–¥–∞—Ä—é ,3840353,5,1.0,0.0,0.0,0.0,0.0,0
141,–°–ø–∞—Å–∏–±–æ –°–µ—Ä–≥–µ–π ! )))),3841026,5,0.0,0.0,1.0,0.0,0.0,0
142,"–ú–∏—Ö–∞–∏–ª –æ—Ç–ª–∏—á–Ω—ã–π –º–∞—Å—Ç–µ—Ä —Å–≤–æ–µ–≥–æ –¥–µ–ª–∞. –°–¥–µ–ª–∞–ª –±—ã—Å—Ç—Ä–æ, —á–∏—Å—Ç–æ, –¥–∞–ª —Ä–µ–∫–æ–º–µ–Ω–¥–∞—Ü–∏–∏)",3842440,5,0.0,0.0,1.0,0.0,0.0,0
143,—Ö–æ—Ç—å —á—Ç–æ —Ç–æ —Å–¥–µ–ª–∞–ª–∏ üëçüëè,3842790,5,1.0,0.0,0.0,0.0,0.0,0
144,—Å–ø–∞—Å–∏–±–æ),3843760,5,1.0,0.0,0.0,0.0,0.0,0
145,"–ø—Ä–æ—Ñ–µ—Å—Å–∏–æ–Ω–∞–ª—å–Ω–æ, –±—ã—Å—Ç—Ä–æ. –æ—á–µ–Ω—å –ø—Ä–∏—è—Ç–Ω—ã–π –º–∞—Å—Ç–µ—Ä",3844645,5,0.0,0.0,1.0,0.0,0.0,0
146,—Å–ø–∞—Å–∏–±–æ! ,3846820,5,1.0,0.0,0.0,0.0,0.0,0
147,"–°–ø–∞—Å–∏–±–æ, –≤–æ–ø—Ä–æ—Å —Ä–µ—à–∏–ª–∏, –≤—Å—ë —Å—Ç–∞–ª–æ –Ω–æ—Ä–º–∞–ª—å–Ω–æ ",3846831,5,1.0,0.0,0.0,0.0,1.0,0
148,–¢–∞—Ç—å—è–Ω–∞ –í–ª–∞–¥–∏–º–∏—Ä–æ–≤–Ω–∞ –±–æ–ª—å—à–æ–µ –≤–∞–º —Å–ø–∞—Å–∏–±–æ!!!! ,3848236,5,0.0,0.0,1.0,0.0,0.0,0
150,"—Å–ø–∞—Å–∏–±–æ –∑–∞  –±—ã—Å—Ç—Ä—ã–π –æ—Ç–≤–µ—Ç! 


",3850118,1,0.0,0.0,0.0,1.0,0.0,0
151,–û–≥—Ä–æ–º–Ω–æ–µ —Å–ø–∞—Å–∏–±–æ –≤–∞–º –æ—Ç –≤—Å–µ–≥–æ –ø–æ–¥—ä–µ–∑–¥–∞!!!   ))))),3852179,5,1.0,0.0,1.0,0.0,1.0,0
152,—Å–ø–∞—Å–∏–±–æ!),3852743,5,1.0,0.0,0.0,0.0,0.0,0
153,—Å–ø–∞—Å–∏–±–æ ,3852975,5,1.0,0.0,0.0,0.0,0.0,0
154,–í—Å–µ –æ—Ç–ª–∏—á–Ω–æ ,3854073,5,1.0,0.0,0.0,0.0,1.0,0
155,—Å–≤–µ—Ä—à–∏–ª–æ—Å—å,3856028,1,1.0,0.0,0.0,0.0,0.0,0
156,–°–ø–∞—Å–∏–±–æ –º–∞—Å—Ç–µ—Ä—É ,3859764,5,0.0,0.0,1.0,0.0,0.0,0
157,"—Å–ø–∞—Å–∏–±–æ, –í–∞–º, —Å—Ä–µ–∞–≥–∏—Ä–æ–≤–∞–ª–∏ –æ–ø–µ—Ä–∞—Ç–∏–≤–Ω–æ/–±—ã—Å—Ç—Ä–æ, –∞ —Ç–∞–∫ –∂–µ –≤—Å—ë –≤—Ä–µ–º—è –±—ã–ª–∏ –Ω–∞ —Å–≤—è–∑–∏ü§ù",3859780,5,0.0,0.0,0.0,1.0,0.0,0
158,"–°—Ä–µ–∞–≥–∏—Ä–æ–≤–∞–ª–∏ –±—ã—Å—Ç—Ä–æ, –±–ª–∞–≥–æ–¥–∞—Ä—é ",3860248,5,0.0,0.0,0.0,1.0,0.0,0
159,–°–ø–∞—Å–∏–±–æ –∑–∞ –æ–ø–µ—Ä–∞—Ç–∏–≤–Ω–æ—Å—Ç—å!,3860900,5,0.0,0.0,0.0,1.0,0.0,0
160,–û—Ç–ª–∏—á–Ω—ã–π –º–∞—Å—Ç–µ—Ä!,3862448,5,0.0,0.0,1.0,0.0,0.0,0
161,"–°–ø–∞—Å–∏–±–æ! –ü–æ –∫—Ä–∞–π–Ω–µ–π –º–µ—Ä–µ, –ø–æ –Ω–æ—á–∞–º –ø–æ–∫–∞ —à—É–º–∞ –Ω–µ —Å–ª—ã—à–Ω–æ.",3863351,5,1.0,0.0,0.0,0.0,0.0,0
162,–ë—ã—Å—Ç—Ä–æ ,3863609,5,0.0,0.0,0.0,1.0,0.0,0
163,–°–ø–∞—Å–∏–±–æ –∑–∞ —Å–≤–æ–µ–≤—Ä–µ–º–µ–Ω–Ω–æ–µ –≤—ã–ø–æ–ª–Ω–µ–Ω–∏–µ –∑–∞—è–≤–∫–∏...,3866829,5,0.0,0.0,0.0,0.0,1.0,0
164,–≤—Å–µ —Å–¥–µ–ª–∞–ª–∏ –±—ã—Å—Ç—Ä–æ. —Å–ø–∞—Å–∏–±–æ ,3866867,5,0.0,0.0,0.0,1.0,0.0,0
165,–≤—Å—ë –æ—Ç–ª–∏—á–Ω–æ üëç,3868883,5,1.0,0.0,0.0,0.0,0.0,0
167,"–ë–æ–ª—å—à–æ–µ —Å–ø–∞—Å–∏–±–æ –ê–ª–µ–∫—Å–∞–Ω–¥—Ä—É,–∑–∞ –æ–ø–µ—Ä–∞—Ç–∏–≤–Ω–æ—Å—Ç—å –∏ –ø—Ä–æ—Ñ–µ—Å—Å–∏–æ–Ω–∞–ª–∏–∑–º ",3872124,5,0.0,0.0,1.0,0.0,0.0,0
168,–±–ª–∞–≥–æ–¥–∞—Ä—é ,3872129,5,1.0,0.0,0.0,0.0,0.0,0
169,–æ–ø–µ—Ä–∞—Ç–∏–≤–Ω–æ –∏ –∫–∞—á–µ—Å—Ç–≤–µ–Ω–Ω–æ. —Å–ø–∞—Å–∏–±–æ ,3873692,5,0.0,1.0,0.0,1.0,0.0,0
171,"–±–ª–∞–≥–æ–¥–∞—Ä—é, –≤—Å–µ–≥–æ –¥–æ–±—Ä–æ–≥–æ!",3875262,5,1.0,0.0,0.0,0.0,0.0,0
174,–°–ø–∞—Å–∏–±–æ –±–æ–ª—å—à–æ–µ! ,3877186,5,1.0,0.0,0.0,0.0,0.0,0
176,–ö –º–∞—Å—Ç–µ—Ä—É –≤–æ–ø—Ä–æ—Å–æ–≤ –Ω–µ—Ç.  ,3877334,3,0.0,0.0,1.0,0.0,0.0,0
177,"–ú–∞—Å—Ç–µ—Ä –±—ã—Å—Ç—Ä–æ —Ä–µ—à–∏–ª –ø—Ä–æ–±–ª–µ–º—É!–í—Å—ë –∏—Å–ø—Ä–∞–≤–∏–ª,–æ—á–µ–Ω—å –¥–æ–≤–æ–ª—å–Ω–∞!–°–ø–∞—Å–∏–±–æ!",3877901,5,0.0,0.0,1.0,0.0,0.0,0
178,"–≤—ã—Ç—è–∂–∫–∞ –∑–∞—Ä–∞–±–æ—Ç–∞–ª–∞ - —Å–ø–∞—Å–∏–±–æ. –æ—Ç–¥–µ–ª—å–Ω–æ–µ —Å–ø–∞—Å–∏–±–æ –º–∞—Å—Ç–µ—Ä—É, –∫–æ—Ç–æ—Ä—ã–π —Å–æ–æ–±—â–∏–ª, —á—Ç–æ –Ω–µ—Ç –ø—Ä–∏—á–∏–Ω, –ø—Ä–µ–ø—è—Ç—Å—Ç–≤—É—é—â–∏—Ö –ø–æ–¥–∫–ª—é—á–µ–Ω–∏—é –≤—ã—Ç—è–∂–∫–∏ –∫ –¥–æ–º–æ–≤–æ–π –≤–µ–Ω—Ç–∏–ª—è—Ü–∏–∏ ",3878088,5,0.0,0.0,1.0,0.0,0.0,0
179,—Å–ø–∞—Å–∏–±–æ –±–æ–ª—å—à–æ–µ! –Ω–∞–¥–æ–ª–≥–æ –ª–∏üôÑ,3878555,5,1.0,0.0,0.0,0.0,0.0,0
180,–û–≥—Ä–æ–º–Ω–æ–µ —Å–ø–∞—Å–∏–±–æ! ,3878808,5,1.0,0.0,0.0,0.0,0.0,0
181,–í—Å—ë –æ—á–µ–Ω—å —á–µ—Ç–∫–æ –æ—Ä–≥–∞–Ω–∏–∑–æ–≤–∞–Ω–æ! –ë–æ–ª—å—à–æ–µ —Å–ø–∞—Å–∏–±–æ –∑–∞ —Ä–∞–±–æ—Ç—É!,3879856,5,1.0,0.0,0.0,0.0,1.0,0
182,–°–ø–∞—Å–∏–±–æ –í–∞–º –±–æ–ª—å—à–æ–µ –∏ –∑–∞ –¥–≤–µ—Ä—å –∏ –∑–∞ –Ω–æ–º–µ—Ä–∞ –∫–≤–∞—Ä—Ç–∏—Ä!,3880345,5,1.0,0.0,0.0,0.0,0.0,0
183,—Å–Ω–∏–º–∞—é –∑–≤–µ–∑–¥—É –∑–∞ –ø–µ—Ä–≤—É—é –æ—Ç–ø–∏—Å–∫—É –±–µ–∑ –≤—ã–ø–æ–ª–Ω–µ–Ω–∏—è —Ä–∞–±–æ—Ç,3880717,3,0.0,0.0,0.0,0.0,0.0,1
184,"–í –¥–µ–Ω—å —Å–æ–∑–¥–∞–Ω–∏—è –∑–∞—è–≤–∫–∏ , —Ä–∞–±–æ—á–∏–µ –æ–ø–µ—Ä–∞—Ç–∏–≤–Ω–æ –ø—Ä–∏—à–ª–∏ –∏ –≤–µ—Å—å —É–∂–∞—Å —É–±—Ä–∞–ª–∏ , –æ–≥—Ä–æ–º–Ω–∞—è –±–ª–∞–≥–æ–¥–∞—Ä–Ω–æ—Å—Ç—å ! ",3881004,5,0.0,0.0,1.0,1.0,0.0,0
185,–°–ø–∞—Å–∏–±–æ! –í—Å–µ –∑–∞—Ä–∞–±–æ—Ç–∞–ª–æ ,3881460,5,1.0,0.0,0.0,0.0,1.0,0
186,"—Å–ø–∞—Å–∏–±–æ, —Ä–µ—à–∏–ª–∏ –º–æ–π –≤–æ–ø—Ä–æ—Å –Ω–∞ –º–µ—Å—Ç–µ –≤ –æ—Ñ–∏—Å–µ ",3881636,5,1.0,0.0,0.0,0.0,0.0,0
187,"–°–ø–∞—Å–∏–±–æ –±–æ–ª—å—à–µ –û–ª—å–≥–µ –ü—Ç—É—à–∫–∏–Ω–µ, –∑–∞ –ø—Ä–æ–¥–µ–ª–∞–Ω–Ω—É—é —Ä–∞–±–æ—Ç—É! ",3882840,5,0.0,0.0,1.0,0.0,0.0,0
189,"–≤—Å—ë —Å–¥–µ–ª–∞–ª–∏ —Ö–æ—Ä–æ—à–æ, –ø–æ—á–∏–Ω–∏–ª–∏ –≤–æ–≤—Ä–µ–º—è. –Ω–∞–≤–µ—Ä–Ω–æ–µ, –º–æ–ª–æ–¥—Ü—ã.",3883200,5,1.0,0.0,0.0,0.0,0.0,0
190,–°–ø–∞—Å–∏–±–æ,3883457,5,1.0,0.0,0.0,0.0,0.0,0
191,–°—É–ø–µ—Ä! –°–ø–∞—Å–∏–±–æ!,3883549,5,1.0,0.0,0.0,0.0,1.0,0
192,–û—Ç–ª–∏—á–Ω–æ! –í—Å–µ –≤—ã–ø–æ–ª–Ω–∏–ª–∏ –∫–∞–∫ –∏ –æ–±–µ—â–∞–ª–∏! ,3883658,5,1.0,0.0,0.0,0.0,1.0,0
193,–û—á–µ–Ω—å –æ–ø–µ—Ä–∞—Ç–∏–≤–Ω–æ. –°–ø–∞—Å–∏–±–æ –±–æ–ª—å—à–æ–µ ,3883736,5,0.0,0.0,0.0,1.0,0.0,0
194,"–ú–∞—Å—Ç–µ—Ä –ê–Ω–¥—Ä–µ–π –ø–æ–º–æ–≥ –ø–æ–¥–æ–±—Ä–∞—Ç—å –æ–±–æ—Ä—É–¥–æ–≤–∞–Ω–∏–µ (–∫—Ä–∞–Ω—ã/–ø–µ—Ä–µ—Ö–æ–¥–Ω–∏–∫–∏) –¥–ª—è –ø–æ–¥–∫–ª—é—á–µ–Ω–∏—è, –±—ã—Å—Ç—Ä–æ –∏ –∫–∞—á–µ—Å—Ç–≤–µ–Ω–Ω–æ –ø—Ä–æ–∏–∑–≤–µ–ª –ø–æ–¥–∫–ª—é—á–µ–Ω–∏–µ —Å—Ç–∏—Ä–∞–ª—å–Ω–æ–π –º–∞—à–∏–Ω–∫–∏. –û–≥—Ä–æ–º–Ω–æ–µ –µ–º—É —Å–ø–∞—Å–∏–±–æ.",3883745,5,0.0,0.0,1.0,0.0,0.0,0
198,–£–º–µ–ª–æ –ø–æ–¥–∫—Ä—É—Ç–∏–ª–∏ —Ä–µ–¥—É–∫—Ç–æ—Ä—ã –¥–∞–≤–ª–µ–Ω–∏—è. –ú–æ–ª–æ–¥–µ—Ü!,3884964,5,1.0,0.0,0.0,0.0,0.0,0
199,"–≤—Å–µ —Ö–æ—Ä–æ—à–æ,–¥–≤–µ—Ä—å –ø—Ä–∞–∫—Ç–∏—á–µ—Å–∫–∏ –±–µ—Å—à—É–º–Ω–æ –∑–∞–∫—Ä—ã–≤–∞–µ—Ç—Å—è",3885089,5,1.0,0.0,0.0,0.0,1.0,0
202,"–ø—Ä–æ–±–ª–µ–º—ã –∫–∞–∫ —Ç–∞–∫–æ–≤–æ–π –Ω–µ –±—ã–ª–æ, —è –≤ –ø—Ä–æ—Ü–µ—Å—Å–µ –ø–æ–∏—Å–∫–∞ —Å—Ç—Ä–∞—Ö –∫–æ–º–ø–∞–Ω–∏–∏ –∏ –≤—Å–µ–≥–æ –ª–∏—à—å. –°–ø–∞—Å–∏–±–æ —Å–æ—Ç—Ä—É–¥–Ω–∏–∫–∞–º",3886150,5,0.0,0.0,1.0,0.0,0.0,0
203,"–±—ã—Å—Ç—Ä–æ, —á—ë—Ç–∫–æ, –±–µ–∑ –ø—Ä–æ–±–ª–µ–º. –æ–¥–Ω–æ —Å–ª–æ–≤–æ - –º–∞—Å—Ç–µ—Ä! ",3886231,5,0.0,0.0,1.0,0.0,0.0,0
204,–†–∞–±–æ—Ç–∞–µ—Ç. –°–ø–∞—Å–∏–±–æ!,3886721,5,1.0,0.0,0.0,0.0,0.0,0
205,"—Å–µ–≥–æ–¥–Ω—è –µ–∑–¥–∏–ª, –≤—Å–µ –∏—Å–ø—Ä–∞–≤–Ω–æ —Ä–∞–±–æ—Ç–∞–µ—Ç, —Å–ø–∞—Å–∏–±–æ!",3886923,5,1.0,0.0,0.0,0.0,1.0,0
206,"–°–ø–∞—Å–∏–±–æ –±–æ–ª—å—à–æ–µ, –≤—Å—ë –ø–æ–Ω—è—Ç–Ω–æ.",3886937,5,1.0,0.0,0.0,0.0,0.0,0
207,–¢–∞—Ç—å—è–Ω–∞ —Å–ø–∞—Å–∏–±–æ ‚ù§Ô∏è,3887002,5,0.0,0.0,1.0,0.0,0.0,0
208,–ù–∞ –≤–æ–ø—Ä–æ—Å –æ—Ç–≤–µ—Ç–∏–ª–∏. –ö—Ä–µ–ø–ª–µ–Ω–∏—è –Ω–µ–ª—å–∑—è –ø–æ–≤–µ—Å–∏—Ç—å –≤ –∫–æ–ª—è—Å–æ—á–Ω–æ–π,3887203,5,0.0,0.0,0.0,0.0,0.0,1
209,–ë–æ–ª—å—à–æ–µ —Å–ø–∞—Å–∏–±–æ!,3887228,5,1.0,0.0,0.0,0.0,0.0,0
210,–õ—É—á—à–∏–π ,3887353,5,0.0,0.0,0.0,0.0,0.0,1
211,—Å–ø–∞—Å–∏–±–æ –∑–∞ –æ–ø–µ—Ä–∞—Ç–∏–≤–Ω–æ—Å—Ç—å ,3887358,5,0.0,0.0,0.0,1.0,0.0,0
213,—Å–ø–∞—Å–∏–±–æ –∑–∞ —Ç–æ —á—Ç–æ –±—ã—Å—Ç—Ä–æ –æ—Ç—Ä–µ–∞–≥–∏—Ä–æ–≤–∞–ª–∏,3887392,5,0.0,0.0,0.0,1.0,0.0,0
214,"–°–µ—Ä–≤–∏—Å –Ω–∞ –≤—ã—Å–æ—Ç–µ, –º–∞—Å—Ç–µ—Ä - –ø—Ä–æ—Ñ–µ—Å—Å–∏–æ–Ω–∞–ª",3887422,5,0.0,1.0,1.0,0.0,0.0,0
216,—Å–ø–∞—Å–∏–±–æ –±–æ–ª—å—à–æ–µ,3887525,5,1.0,0.0,0.0,0.0,1.0,0
217,–æ–∫ ,3887606,1,0.0,0.0,0.0,0.0,0.0,1
218,–ù–∞–¥–æ–ª–≥–æ –ª–∏(,3887614,2,0.0,0.0,0.0,0.0,0.0,1
220,–°–ø–∞—Å–∏–±–æ. –í—Å–µ —Ä–∞–±–æ—Ç–∞–µ—Ç,3887743,5,1.0,0.0,0.0,0.0,0.0,0
221,–°–ø–∞—Å–∏–±–æ –±–æ–ª—å—à–æ–µ!,3887791,5,1.0,0.0,0.0,0.0,1.0,0
223,"–∑–∞—è–≤–∫–∞ –≤—ã–ø–æ–ª–Ω–µ–Ω–∞, —Å–ø–∞—Å–∏–±–æ.",3887844,5,1.0,0.0,0.0,0.0,0.0,0
224,–î–≤–µ—Ä—å –∑–∞–∫—Ä—ã–≤–∞–µ—Ç—Å—è –Ω–∞–º–Ω–æ–≥–æ –ª—É—á—à–µ.,3887922,5,1.0,0.0,0.0,0.0,1.0,0
225,–°–ø–∞—Å–∏–±–æ –∑–∞ –±—ã—Å—Ç—Ä–æ–µ —Ä–µ–∞–≥–∏—Ä–æ–≤–∞–Ω–∏–µ!!!,3888009,5,0.0,0.0,0.0,1.0,0.0,0
226,"–û–ø–µ—Ä–∞—Ç–∏–≤–Ω–æ —Å—Ä–∞–±–æ—Ç–∞–ª–∏, –±–ª–∞–≥–æ–¥–∞—Ä—é.",3888318,5,0.0,0.0,0.0,1.0,0.0,0
228,"–°–ø–∞—Å–∏–±–æ —Å–∞–Ω—Ç–µ—Ö–Ω–∏–∫—É –ê–ª–µ–∫—Å–µ—é, –≤—Å–µ —Å–¥–µ–ª–∞–Ω–æ –∫–∞—á–µ—Å—Ç–≤–µ–Ω–Ω–æ ",3888354,5,0.0,0.0,1.0,0.0,0.0,0
229,"–û–≥—Ä–æ–º–Ω–æ–µ —á–µ–ª–æ–≤–µ—á–µ—Å–∫–æ–µ —Å–ø–∞—Å–∏–±–æ –∑–∞ –æ–ø–µ—Ä–∞—Ç–∏–≤–Ω–æ—Å—Ç—å –≤—ã–ø–æ–ª–Ω–µ–Ω–∏—è —Ä–∞–±–æ—Ç—ã –Ω–∞—à–µ–º—É –¥–µ–∂—É—Ä–Ω–æ–º—É —Å–∞–Ω—Ç–µ—Ö–Ω–∏–∫—É, –ø—Ä–∏–±—ã–≤—à–µ–º—É –≤ –≤–æ—Å–∫—Ä–µ—Å–µ–Ω—å–µ —á–µ—Ä–µ–∑ 20 –º–∏–Ω—É—Ç –ø–æ—Å–ª–µ –Ω–∞–ø–∏—Å–∞–Ω–∏—è –∑–∞—è–≤–∫–∏! –í—Å–µ —Ä–µ—à–∏–ª–æ—Å—å –Ω–∞–∏–ª—É—á—à–∏–º –æ–±—Ä–∞–∑–æ–º! –í–æ—Ç —Ç–∞–∫ –±—ã –≤—Å–µ –≤–æ–ø—Ä–æ—Å—ã –æ–ø–µ—Ä–∞—Ç–∏–≤–Ω–æ —Ä–µ—à–∞–ª–∏—Å—å!!!",3888539,5,0.0,0.0,1.0,1.0,0.0,0
230,–û—á–µ–Ω—å –æ–ø–µ—Ä–∞—Ç–∏–≤–Ω–æ –∏ –Ω–∏–∫—É–¥–∞ –Ω–µ –ø—Ä–∏—à–ª–æ—Å—å —Ö–æ–¥–∏—Ç—å.,3888591,5,0.0,0.0,0.0,1.0,0.0,0
231,–ü—Ä–æ–±–ª–µ–º–∞ —Ä–µ—à–µ–Ω–∞.,3888606,5,1.0,0.0,0.0,0.0,0.0,0
232,–û—á–µ–Ω—å –æ–ø–µ—Ä–∞—Ç–∏–≤–Ω–æ –æ—Ç—Ä–µ–∞–≥–∏—Ä–æ–≤–∞–ª–∏! –°–ø–∞—Å–∏–±–æ!,3888633,5,1.0,0.0,0.0,1.0,0.0,0
233,"–æ–ø–µ—Ä–∞—Ç–∏–≤–Ω–æ, –∫–∞—á–µ—Å—Ç–≤–µ–Ω–Ω–æ, –≤–æ–ø—Ä–æ—Å–æ–≤ –Ω–µ –≤–æ–∑–Ω–∏–∫–ª–æ. –°–ø–∞—Å–∏–±–æ.",3888794,5,0.0,1.0,0.0,1.0,0.0,0
234,–ë—ã—Å—Ç—Ä–æ!,3888811,5,0.0,0.0,0.0,1.0,0.0,0
235,–ë–ª–∞–≥–æ–¥–∞—Ä—é –∑–∞ –æ–ø–µ—Ä–∞—Ç–∏–≤–Ω–æ—Å—Ç—å!,3888828,5,0.0,0.0,0.0,1.0,0.0,0
236,—Å–ø–∞—Å–∏–±–æ –∑–∞ –æ–ø–µ—Ä–∞—Ç–∏–≤–Ω–æ–µ —Ä–µ—à–µ–Ω–∏–µ –ø—Ä–æ–±–ª–µ–º—ã. ,3889213,5,0.0,0.0,0.0,1.0,0.0,0
237,–û–ø–µ—Ä–∞—Ç–∏–≤–Ω–∞—è —Ä–∞–±–æ—Ç–∞,3889473,1,0.0,0.0,0.0,1.0,0.0,0
238,"–æ–ø–µ—Ä–∞—Ç–∏–≤–Ω–æ–µ —Ä–µ—à–µ–Ω–∏–µ –ø—Ä–æ–±–ª–µ–º—ã! 
",3889502,5,1.0,0.0,0.0,1.0,0.0,0
239,–ü–µ—Ä–≤—ã–π —Ä–∞–∑ –≤—ã —Ä–µ—à–∏–ª–∏ –≤–æ–ø—Ä–æ—Å –±—ã—Å—Ç—Ä–æ ,3889542,5,1.0,0.0,0.0,1.0,0.0,0
240,–ù–∞–¥–æ–ª–≥–æ –ª–∏,3889737,1,0.0,0.0,0.0,0.0,0.0,1
241,–æ—Ç–ª–∏—á–Ω–æ —Å–ø–∞—Å–∏–±–æ ,3889783,5,1.0,0.0,0.0,0.0,0.0,0
242,"—Å–ø–∞—Å–∏–±–æ –±–æ–ª—å—à–æ–µ, –¢–∞—Ç—å—è–Ω–∞.",3889827,5,0.0,0.0,1.0,0.0,0.0,0
244,–õ—É—á—à–∏–π –º–∞—Å—Ç–µ—Ä –Ω–∞ —Å–≤–µ—Ç–µ ü•∞–°–ø–∞—Å–∏–±–æ –±–æ–ª—å—à–æ–µ üôè,3889956,5,0.0,0.0,1.0,0.0,0.0,0
245,"–°–ø–∞—Å–∏–±–æ –±–æ–ª—å—à–æ–µ, —á—Ç–æ –ø–æ—á–∏–Ω–∏–ª–∏ –¥–æ–º–æ—Ñ–æ–Ω. ",3890030,5,1.0,0.0,0.0,0.0,1.0,0
246,–û—Ç–ª–∏—á–Ω–∞—è —Ä–∞–±–æ—Ç–∞,3890209,5,1.0,0.0,0.0,0.0,1.0,0
247,–°–ø–∞—Å–∏–±–æ –æ–≥—Ä–æ–º–Ω–æ–µ –∑–∞ –ø–æ–º–æ—â—å!,3890231,5,1.0,0.0,0.0,0.0,0.0,0
248,"–æ–±—ã—á–Ω–∞—è —É—Å–ª—É–≥–∞. –¶–µ–Ω–∞, –ø—Ä–∞–≤–¥–∞, –∑–∞–≤—ã—à–µ–Ω–∞ (–∑–∞ –æ–∫–æ–ª–æ 10—Ç–∏ –º–∏–Ω—É—Ç —Ä–∞–±–æ—Ç—ã). ",3890239,5,0.0,0.0,0.0,1.0,0.0,0
249,–æ—Ç–ª–∏—á–Ω–∞—è —Ä–∞–±–æ—Ç–∞. —Ç–µ–ø–µ—Ä—å –¥–≤–µ—Ä—å –∑–∞–∫—Ä—ã–≤–∞–µ—Ç—Å—è –ø–ª–∞–≤–Ω–æ. —Å–ø–∞—Å–∏–±–æ. ,3890275,5,0.0,0.0,0.0,0.0,1.0,0
251,—Å–ø–∞—Å–∏–±–æ –±–æ–ª—å—à–æ–µ ,3890389,5,1.0,0.0,0.0,0.0,0.0,0
252,–í—Å–µ —Å—É–ø–µ—Ä –±—ã—Å—Ç—Ä–æ! –°–ø–∞—Å–∏–±–æ! ,3890393,5,0.0,0.0,0.0,1.0,1.0,0
253,–û–ø–µ—Ä–∞—Ç–∏–≤–Ω–æ) —Å–ø–∞—Å–∏–±–æ,3890484,5,1.0,0.0,0.0,1.0,0.0,0
254,–°—É–ø–µ—Ä,3890486,5,1.0,0.0,0.0,0.0,0.0,0
255,–°–ø–∞—Å–∏–±–æ.,3890512,5,1.0,0.0,0.0,0.0,0.0,0
256,"–ú–æ–ª–æ–¥—Ü—ã, –æ–ø–µ—Ä–∞—Ç–∏–≤–Ω–æ. ",3890517,5,0.0,0.0,0.0,1.0,0.0,0
257,–í–æ–ø—Ä–æ—Å —Ä–µ—à–∏–ª—Å—è –±—ã—Å—Ç—Ä–æ. –°–ø–∞—Å–∏–±–æ!,3890604,5,0.0,0.0,0.0,1.0,0.0,0
258,–°–ø–∞—Å–∏–±–æ üòâ ,3890656,5,1.0,0.0,0.0,0.0,0.0,0
259,–ê–ª–µ–∫—Å–∞–Ω–¥—Ä—É —Å–ø–∞—Å–∏–±–æ –∑–∞ –æ–±—ä—è—Å–Ω–µ–Ω–∏–µ –ø—Ä–∏—á–∏–Ω—ã –±—É–ª—å–∫–∞–Ω—å—è ! ,3890678,5,0.0,0.0,1.0,0.0,0.0,0
260,—Å–ø–∞—Å–∏–±–æ! –≤—Å—ë –±—ã—Å—Ç—Ä–æ!,3890716,5,1.0,0.0,0.0,1.0,0.0,0
262,–°–ø–∞—Å–∏–±–æ! –ò—Å–ø—Ä–∞–≤–∏–ª–∏ –º–æ—é –æ—à–∏–±–∫—É,3890985,5,1.0,0.0,0.0,0.0,0.0,0
263,–º–∞—Å—Ç–µ—Ä —Å–¥–µ–ª–∞–ª –≤—Å–µ –æ—á–µ–Ω—å –±—ã—Å—Ç—Ä–æ –∏ –∞–∫–∫—É—Ä–∞—Ç–Ω–æ,3891095,5,0.0,0.0,1.0,0.0,0.0,0
265,—Å–ø–∞—Å–∏–±–æ –∑–∞ –æ–ø–µ—Ä–∞—Ç–∏–≤–Ω–æ—Å—Ç—å,3891188,5,1.0,0.0,0.0,1.0,0.0,0
267,–û—á–µ–Ω—å –≤–µ–∂–ª–∏–≤—ã–π –∏ –ø—Ä–æ—Ñ–µ—Å—Å–∏–æ–Ω–∞–ª—å–Ω—ã–π –º–∞—Å—Ç–µ—Ä. –£—Å—Ç—Ä–∞–Ω–∏–ª –≤—Å–µ –Ω–µ–¥–æ—á–µ—Ç—ã –æ–ø–µ—Ä–∞—Ç–∏–≤–Ω–æ –∏ –∫–∞—á–µ—Å—Ç–≤–µ–Ω–Ω–æ. –ü—Ä–æ—Å—Ç–æ –æ—Ç–ª–∏—á–Ω–æ. –°–ø–∞—Å–∏–±–æ ,3891325,5,0.0,0.0,1.0,0.0,0.0,0
268,"–ò–≤–∞–Ω, –æ–≥—Ä–æ–º–Ω–æ–µ —Å–ø–∞—Å–∏–±–æ –≤–∞–º ! ",3891380,5,0.0,0.0,1.0,0.0,0.0,0
269,–°—Ä–µ–∞–≥–∏—Ä–æ–≤–∞–ª–∏ –∑–∞ 20 –º–∏–Ω—É—Ç!!!!,3891477,5,1.0,0.0,0.0,0.0,0.0,0
270,"–°–ø–∞—Å–∏–±–æ —Å–ø–µ—Ü–∏–∞–ª–∏—Å—Ç—É –†–æ–º–∞–Ω—É, –∫–æ—Ç–æ—Ä—ã–π –ø–æ–º–æ–≥ –º–Ω–µ –Ω–∞–∫–æ–Ω–µ—Ü-—Ç–æ —Ä–µ—à–∏—Ç—å –º–æ–π –≤–æ–ø—Ä–æ—Å! –û—á–µ–Ω—å –≥—Ä–∞–º–æ—Ç–Ω—ã–π –∏ –≤–µ–∂–ª–∏–≤—ã–π —Å–ø–µ—Ü–∏–∞–ª–∏—Å—Ç) ",3891489,5,0.0,0.0,1.0,0.0,0.0,0
271,—Å–ø–∞—Å–∏–±–æ! –≤ —Ç–æ—Ç –∂–µ –¥–µ–Ω—å —ç–ª–µ–∫—Ç—Ä–∏–∫ —Ä–µ—à–∏–ª –ø—Ä–æ–±–ª–µ–º—É.,3891568,5,0.0,0.0,1.0,0.0,0.0,0
272,"–õ–∏—Ñ—Ç –∏ –ø–æ–ª—ã –ø–æ–º—ã–ª–∏ , –±–æ–ª—å—à–æ–µ —Å–ø–∞—Å–∏–±–æ –∑–∞ —É–±–æ—Ä–∫—É ! –ñ–¥—ë–º —É—Å—Ç–∞–Ω–æ–≤–∫—É –∑–µ—Ä–∫–∞–ª –≤ –ª–∏—Ñ—Ç–∞—Ö",3891612,5,1.0,0.0,0.0,0.0,1.0,0
274,–¥–∞ –≤—Å–µ –≤–µ—Ä–Ω–æ. —Å–ø–∞—Å–∏–±–æ,3891850,5,1.0,0.0,0.0,0.0,0.0,0
275,—Å–ø–∞—Å–∏–±–æ –≤—Å—ë –±–∏—Å—Ç—Ä–æ —É—Å—Ç—Ä–∞–Ω–∏–ª–∏ ,3891871,5,1.0,0.0,0.0,1.0,0.0,0
276,"–°–ø–∞—Å–∏–±–æ, –≤—Ä–æ–¥–µ –±—ã —Å—Ç–∞–ª–æ –ª—É—á—à–µ. ",3891943,4,1.0,0.0,0.0,0.0,0.0,0
277,–°–ø–∞—Å–∏–±–æ –±–æ–ª—å—à–æ–µ –∑–∞ –í–∞—à—É –±—ã—Å—Ç—Ä—É—é –∏ –ø—Ä–æ—Ñ–µ—Å—Å–∏–æ–Ω–∞–ª—å–Ω—É—é –ø–æ–º–æ—â—å. ,3892115,5,0.0,0.0,0.0,1.0,1.0,0
278,"–í—Å–µ –±—ã—Å—Ç—Ä–æ, –Ω–µ —Å–º–æ—Ç—Ä—è –Ω–∞ –ø–æ–∑–¥–Ω–∏–π —á–∞—Å.",3892189,5,0.0,0.0,0.0,1.0,1.0,0
282,–æ—Ç–≤–µ—Ç –±—ã–ª –ø—Ä–µ–¥–æ—Å—Ç–∞–≤–ª–µ–Ω –æ–ø–µ—Ä–∞—Ç–∏–≤–Ω–æ –∏ –≤ –ø–æ–ª–Ω–æ–º –æ–±—ä–µ–º–µ,3892432,5,1.0,0.0,0.0,1.0,0.0,0
283,"–°–ø–∞—Å–∏–±–æ –æ–≥—Ä–æ–º–Ω–æ–µ,  –Ω–∞–ø–æ—Ä —Å—Ç–∞–ª –æ—Ç–ª–∏—á–Ω—ã–º!",3892474,5,1.0,0.0,0.0,0.0,1.0,0
285,–°–ø–∞—Å–∏–±–æ) —Ç–∞–º –ø—Ä–∞–≤–¥–∞ –≤—Å–µ —É–±—Ä–∞–ª–∏ –∏ —Å—Ç–∞–ª–æ –ø—Ä—è–º —á–∏—Å—Ç–æ) –µ—Å–ª–∏ –º–æ–∂–µ—Ç–µ –µ—â–µ –æ—Ç–º—ã—Ç—å –ø—è—Ç–Ω–∞ —á–µ–≥–æ-—Ç–æ‚Ä¶ –±—É–¥—É –æ—á–µ–Ω—å –≤–∞–º –ø—Ä–∏–∑–Ω–∞—Ç–µ–ª–µ–Ω) –≤–æ–∑–º–æ–∂–Ω–æ —Ç–∞–º –Ω—É–∂–Ω–∞ –Ω–µ —Ç–æ–ª—å–∫–æ —Ç—Ä—è–ø–∫–∞),3892548,5,1.0,0.0,1.0,0.0,1.0,0
286,—Å–¥–µ–ª–∞–ª–∏,3892589,5,1.0,0.0,0.0,0.0,1.0,0
287,–°–ø–∞—Å–∏–±–æ –º–∞—Å—Ç–µ—Ä—É –°–µ—Ä–≥–µ—é –∑–∞ —á–µ—Ç–∫—É—é —Ä–∞–±–æ—Ç—É! ,3892591,5,0.0,0.0,1.0,0.0,0.0,0
288,"–ù–∞–∫–æ–Ω–µ—Ü - —Ç–æ. –û—á–µ–Ω—å –Ω–∞–¥–µ—é—Å—å, —á—Ç–æ —á–µ—Ä–µ–∑ 2 –¥–Ω—è –æ–Ω –Ω–µ –≤—Å—Ç–∞–Ω–µ—Ç —Å–Ω–æ–≤–∞",3892629,4,1.0,0.0,0.0,0.0,0.0,0
289,"–ë–ª–∞–≥–æ–¥–∞—Ä–∏–º, –æ—á–µ–Ω—å –æ–ø–µ—Ä–∞—Ç–∏–≤–Ω–æ!",3892632,5,0.0,0.0,0.0,1.0,0.0,0
290,"–ë—ã—Å—Ç—Ä–æ, –º–∞—Å—Ç–µ—Ä—É –±–æ–ª—å—à–æ–µ —Å–ø–∞—Å–∏–±–æ",3892659,5,0.0,0.0,1.0,0.0,0.0,0
291,"–í–æ–ø—Ä–æ—Å —Ä–µ—à–µ–Ω –±—ã—Å—Ç—Ä–æ, —Å–ø–∞—Å–∏–±–æ –º–∞—Å—Ç–µ—Ä—É. –§–æ—Ç–æ –≤—ã–ø–æ–ª–Ω–µ–Ω–Ω–æ–π —Ä–∞–±–æ—Ç—ã –ø—Ä–∏–ª–æ–∂–∏–ª –∏ –¥–∞–∂–µ –ø–æ–∑–≤–æ–Ω–∏–ª!",3892748,5,0.0,0.0,1.0,1.0,0.0,0
292,–≥–ª–∞–≤–Ω–æ–µ —á—Ç–æ –ø—Ä–æ–±–ª–µ–º–∞ —Ä–µ—à–µ–Ω–∞! —Å–ø–∞—Å–∏–±–æ!,3892858,5,1.0,0.0,0.0,0.0,1.0,0
293,–°–ø–∞—Å–∏–±–æ.. –≤—Å–µ —Å–¥–µ–ª–∞–ª–∏ –±—ã—Å—Ç—Ä–æ .. –æ—á–µ–Ω—å –≤–µ–∂–ª–∏–≤—ã–µ —Å–æ—Ç—Ä—É–¥–Ω–∏–∫–∏. ,3892909,5,1.0,0.0,1.0,0.0,0.0,0
294,"—Å–ø–∞—Å–∏–±–æ, —á—Ç–æ —Ä–µ—à–∏–ª–∏ –ø—Ä–æ–±–ª–µ–º—É –æ–ø–µ—Ä–∞—Ç–∏–≤–Ω–æ ",3892910,5,1.0,0.0,0.0,1.0,1.0,0
295,"–û–ø–µ—Ä–∞—Ç–∏–≤–Ω–æ, –≤–Ω–∏–º–∞—Ç–µ–ª—å–Ω–æ, –≤–µ–∂–ª–∏–≤–æ. –°–ø–∞—Å–∏–±–æ. ",3893074,5,1.0,0.0,0.0,1.0,0.0,0
296,"–°–ø–∞—Å–∏–±–æ, –≤—Å—ë –æ–ø–µ—Ä–∞—Ç–∏–≤–Ω–æ —Å–¥–µ–ª–∞–ª–∏!",3893110,5,0.0,0.0,0.0,1.0,0.0,0
297,–ë—ã–ª–∞ —Ä–∞—Å–ø–µ—á–∞—Ç–∞–Ω–∞ –±—É–º–∞–∂–Ω–∞—è –∫–≤–∏—Ç–∞–Ω—Ü–∏—è.–•–æ—á—É –ø–æ–±–ª–∞–≥–æ–¥–∞—Ä–∏—Ç—å —Ä–∞–±–æ—Ç–Ω–∏–∫–∞ —Ä–∞—Å—á–µ—Ç–Ω–æ–≥–æ –æ—Ç–¥–µ–ª–∞ –∑–∞ —Ä–∞–∑—å—è—Å–Ω–µ–Ω–∏—è –ø–æ –∫–≤–∏—Ç–∞–Ω—Ü–∏–∏ –∏ –∫–∞–∫ –Ω–∞–π—Ç–∏ —ç–ª–µ–∫—Ç—Ä–æ–Ω–Ω—ã–π –≤–∞—Ä–∏–∞–Ω—Ç –∫–≤–∏—Ç–∞–Ω—Ü–∏–∏ –≤ –ø—Ä–∏–ª–æ–∂–µ–Ω–∏–µ –°–∞–º–æ–ª–µ—Ç+–£–ö,3893437,5,0.0,0.0,0.0,0.0,0.0,1
298,"–ó–∞—è–≤–∫–∞ –±—ã—Å—Ç—Ä–∞ –ø—Ä–∏–Ω—è—Ç–∞ –≤ —Ä–∞–±–æ—Ç—É. –ü—Ä–æ–±–ª–µ–º–∞ —Ä–µ—à–µ–Ω–∞. –°–ø–∞—Å–∏–±–æ! 
",3893476,5,1.0,0.0,0.0,0.0,0.0,0
299,–ú–æ–ª–æ–¥—Ü—ã! –ë—ã—Å—Ç—Ä–æ! üòÅ,3893532,5,0.0,0.0,0.0,1.0,0.0,0
301, –°–ø–∞—Å–∏–±–æ –±–æ–ª—å—à–æ–µ –∑–∞ –æ–ø–µ—Ä–∞—Ç–∏–≤–Ω–æ—Å—Ç—åüëçüëçüëç,3893735,5,0.0,0.0,0.0,1.0,0.0,0
302,–ë–ª–∞–≥–æ–¥–∞—Ä—é!,3893847,5,1.0,0.0,0.0,0.0,0.0,0
303,"–°–ø–∞—Å–∏–±–æ –±–æ–ª—å—à–æ–µ,–≤—Å–µ—Ö –±–ª–∞–≥ –∏ –ø—Ä–æ—Ü–≤–µ—Ç–∞–Ω–∏–µ –≤–∞—à–µ–π –∫–æ–º–ø–∞–Ω–∏–∏ ",3893860,5,1.0,0.0,0.0,0.0,1.0,0
304,—Å–ø–∞—Å–∏–±–æ —ç–ª–µ–∫—Ç—Ä–∏–∫—É,3893967,5,0.0,0.0,1.0,0.0,0.0,0
307,–≤—Å—ë –≥—Ä–∞–º–æ—Ç–Ω–æ –ø–æ –ø–æ–ª–æ—á–∫–∞–º –æ–±—ä—è—Å–Ω–∏–ª,3894064,5,1.0,0.0,0.0,0.0,0.0,0
308,–±–ª–∞–≥–æ–¥–∞—Ä—é –∑–∞ –±—ã—Å—Ç—Ä–æ –∏ –∫–∞—á–µ—Å—Ç–≤–µ–Ω–Ω–æ –æ–∫–∞–∑–∞–Ω–Ω—É—é —É—Å–ª—É–≥—É,3894130,5,0.0,1.0,0.0,1.0,0.0,0
309,–°–ø–∞—Å–∏–±–æ –∑–∞ –æ–ø–µ—Ä–∞—Ç–∏–≤–Ω–æ–µ —Ä–µ—à–µ–Ω–∏–µ –≤–æ–ø—Ä–æ—Å–∞! ,3894191,5,0.0,0.0,0.0,1.0,0.0,0
312,"–û–≥—Ä–æ–º–Ω–æ–µ —Å–ø–∞—Å–∏–±–æ, –±—ã—Å—Ç—Ä–æ –∏ –∫–∞—á–µ—Å—Ç–≤–µ–Ω–Ω–æ ",3894326,5,1.0,0.0,0.0,1.0,1.0,0
314,–°–ø–∞—Å–∏–±–æ –±–æ–ª—å—à–æ–µ –∑–∞ –æ–ø–µ—Ä–∞—Ç–∏–≤–Ω–æ—Å—Ç—å ,3894419,5,0.0,0.0,0.0,1.0,0.0,0
317,—Å–ø–∞—Å–∏–±–æ –∑–∞ —Ä–µ–º–æ–Ω—Ç!,3894440,5,1.0,0.0,0.0,0.0,0.0,0
318,–±–ª–∞–≥–æ–¥–∞—Ä—é –º–µ–Ω–µ–¥–∂–µ—Ä–∞ –¢–∞—Ç—å—è–Ω—É ,3894680,5,0.0,0.0,1.0,0.0,0.0,0
319,–±–ª–∞–≥–æ–¥–∞—Ä—é –º–µ–Ω–µ–¥–∂–µ—Ä–∞ ,3894684,5,0.0,0.0,1.0,0.0,0.0,0
320,—Å–æ—Ç—Ä—É–¥–Ω–∏–∫–∏ –º–æ–ª–æ–¥—Ü—ã!,3894714,5,0.0,0.0,1.0,0.0,0.0,0
321,–ë–æ–ª—å—à–æ–µ —Å–ø–∞—Å–∏–±–æ ,3894876,5,1.0,0.0,0.0,0.0,0.0,0
323,–æ–ø–µ—Ä–∞—Ç–∏–≤–Ω–æ –∏ –∫–∞—á–µ—Å—Ç–≤–µ–Ω–Ω–æ! –±—Ä–∞–≤–æ!,3894893,5,0.0,1.0,0.0,1.0,0.0,0
324,–°–ø–∞—Å–∏–±–æ –æ–≥—Ä–æ–º–Ω–æ–µ! –û–ø–µ—Ä–∞—Ç–∏–≤–Ω–æ –∏ –∫–∞—á–µ—Å—Ç–≤–µ–Ω–Ω–æ —Ä–µ—à–∏–ª–∏ –ø—Ä–æ–±–ª–µ–º—É! ,3894902,5,0.0,1.0,0.0,1.0,0.0,0
328,"–ü–æ–¥–Ω–∏–º–∞–ª–∞—Å—å —Å–µ–≥–æ–¥–Ω—è —Å —É—Ç—Ä–∞, –∑–∞–ø–∞—Ö–∞ –Ω–µ—Ç —Å–æ–≤—Å–µ–º. –°–ø–∞—Å–∏–±–æ –±–æ–ª—å—à–æ–µ ",3895042,5,1.0,0.0,0.0,0.0,1.0,0
329,"–°–ø–µ—Ü–∏–∞–ª–∏—Å—Ç –ø—Ä–æ–∫–æ–Ω—Å—É–ª—å—Ç–∏—Ä–æ–≤–∞–ª, —Å–æ—Ä–∏–µ–Ω—Ç–∏—Ä–æ–≤–∞–ª –ø–æ —Å—Ä–æ–∫–∞–º.",3895051,5,0.0,0.0,1.0,0.0,0.0,0
330,"—Å–ø–∞—Å–∏–±–æ, –±—ã—Å—Ç—Ä–æ –∏ –∫–∞—á–µ—Å—Ç–≤–µ–Ω–Ω–æ. ",3895064,5,0.0,1.0,0.0,1.0,0.0,0
332,—Å–ø–∞—Å–∏–±–æ. ,3895126,5,1.0,0.0,0.0,0.0,0.0,0
333,–°–ø–∞—Å–∏–±–æ –∑–∞ –æ–ø–µ—Ä–∞—Ç–∏–≤–Ω–æ—Å—Ç—å üí´üí´üí´,3895181,5,0.0,0.0,0.0,1.0,0.0,0
334,–í—Å–µ –æ—Ç–ª–∏—á–Ω–æ! –°–ø–∞—Å–∏–±–æ ,3895221,5,1.0,0.0,0.0,0.0,0.0,0
335,"–°–ø–∞—Å–∏–±–æ, –±–æ–ª—å—à–æ–µ!!!",3895423,5,1.0,0.0,0.0,0.0,0.0,0
336,–°–ø–∞—Å–∏–±–æ  –±–æ–ª—å—à–æ–µ ! ,3895493,5,1.0,0.0,0.0,0.0,0.0,0
337,–ë—ã—Å—Ç—Ä–æ –∏ –æ–ø–µ—Ä–∞—Ç–∏–≤–Ω–æ ,3895519,5,0.0,0.0,0.0,1.0,0.0,0
339,–≤—Å–µ –æ—Ç–ª–∏—á–Ω–æ,3895566,5,1.0,0.0,0.0,0.0,0.0,0
340,–û–ø–µ—Ä–∞—Ç–∏–≤–Ω–æ. –ü–æ–∫–∞ —Ä–∞–±–æ—Ç–∞–µ—Ç ,3895624,5,0.0,0.0,0.0,1.0,1.0,0
341,"–õ–∏–∫–∞, —Å–ø–∞—Å–∏–±–æ –í–∞–º –∑–∞ –æ–ø–µ—Ä–∞—Ç–∏–≤–Ω—ã–π –æ—Ç–≤–µ—Ç –∏ –ø–æ–¥—Ä–æ–±–Ω—ã–µ —Ä–∞–∑—ä—è—Å–Ω–µ–Ω–∏—è –ø–æ —Ä–∞–±–æ—Ç–µ —Å –ø—Ä–∏–ª–æ–∂–µ–Ω–∏–µ–º! ",3895634,5,0.0,0.0,1.0,0.0,0.0,0
343,–û—Ç–ª–∏—á–Ω—ã–π —Å–æ—Ç—Ä—É–¥–Ω–∏–∫ ,3895794,5,0.0,0.0,1.0,0.0,0.0,0
344,–°–ø–∞—Å–∏–±–æ –ú–∞—Å—Ç–µ—Ä—É –û–ª–µ–≥—É!,3895805,5,0.0,0.0,1.0,0.0,0.0,0
345,"–î–ª—è —Ç–æ—á–Ω–æ–π –æ—Ü–µ–Ω–∫–∏ –Ω—É–∂–Ω–æ –ø–µ—Ä–µ–∂–∏—Ç—å –∑–∏–º—É –∏ –ø–æ–Ω—è—Ç—å, –ª—É—á—à–µ —Å—Ç–∞–ª–æ –∏–ª–∏ –Ω–µ—Ç",3895874,5,0.0,0.0,0.0,0.0,0.0,1
346,"–°–ø–∞—Å–∏–±–æ –±–æ–ª—å—à–æ–µ –∑–∞ –æ–ø–µ—Ä–∞—Ç–∏–≤–Ω–æ—Å—Ç—å!)üëç –£–∂–µ –æ—Ü–µ–Ω–∏–ª–∏ –ø–µ—Å–æ—á–µ–∫ - –æ—á–µ–Ω—å —Ö–æ—Ä–æ—à–∏–π, —á–∏—Å—Ç—ã–π))) –î–µ—Ç–∏ –±—ã–ª–∏ –æ—á–µ–Ω—å —Ä–∞–¥—ã —á—Ç–æ –≤ –ø–µ—Å–æ—á–Ω–∏—Ü–µ –¥–æ—Å—Ç–∞—Ç–æ—á–Ω–æ–µ –∫–æ–ª–∏—á–µ—Å—Ç–≤–æ –ø–µ—Å–∫–∞!)) ü§ó",3895925,5,0.0,1.0,0.0,1.0,0.0,0
347,–ë—ã—Å—Ç—Ä–æ.–ö–∞—á–µ—Å—Ç–≤–µ–Ω–Ω–æ.,3896179,5,0.0,1.0,0.0,1.0,0.0,0
348,–°–ø–∞—Å–∏–±–æ –±–æ–ª—å—à–æ–µ –≤—Å—ë —Ä–µ—à–∏–ª–∏ –±—ã—Å—Ç—Ä–æ!,3896191,5,0.0,0.0,0.0,1.0,0.0,0
349,"–æ–ø–µ—Ä–∞—Ç–∏–≤–Ω–æ, –±—ã—Å—Ç—Ä–æ .",3896230,5,0.0,0.0,0.0,1.0,0.0,0
351,"–æ–∫–∞–∑–∞–ª–∏ –Ω–µ —Ç–æ–ª—å–∫–æ —É—Å–ª—É–≥—É –ø–æ –ø—Ä–∏–æ–±—Ä–µ—Ç–µ–Ω–∏—é –∫–ª—é—á–∞,–Ω–æ –µ—â—ë —É—Å—Ç–∞–Ω–æ–≤–∏–ª–∏ –ø—Ä–∏–ª–æ–∂–µ–Ω–∏–µ –£–ö –°–∞–º–æ–ª—ë—Ç!!!",3896480,5,1.0,0.0,0.0,0.0,0.0,0
352,–ü—Ä–∏—Ö–æ–¥–∏–ª –º–∞—Å—Ç–µ—Ä –≤—Å–µ –æ—Ç—Ä–µ–≥—É–ª–∏—Ä–æ–≤–∞–ª –±–æ–ª—å—à–æ–µ —Å–ø–∞—Å–∏–±–æ ,3896509,5,0.0,0.0,1.0,0.0,1.0,0
353,–û–ø–µ—Ä–∞—Ç–∏–≤–Ω–æ ,3896614,5,0.0,0.0,0.0,1.0,0.0,0
354,—Å–ø–∞—Å–∏–±–æ –∑–∞ –∫–æ–Ω—Å—É–ª—å—Ç–∞—Ü–∏—é,3896717,5,0.0,0.0,0.0,0.0,0.0,1
355,"–ü–∞—Ä–Ω–∏ (—É—Å—Ç–∞–Ω–æ–≤—â–∏–∫–∏) –æ—Ç—Ä–∞–±–æ—Ç–∞–ª–∏ –Ω–∞ 5+, –∞ –≤–æ—Ç —É–ø–∞–∫–æ–≤–∫–∞ –Ω–µ –æ—á–µ–Ω—å , —Ç–∫ –Ω–µ –ø–æ–ª–Ω—ã–π –∫–æ–º–ø–ª–µ–∫—Ç —Ñ—É—Ä–Ω–∏—Ç—É—Ä—ã (–æ—Ç—Å—É—Ç—Å—Ç–≤–æ–≤–∞–ª–∏ –≤ –∫–æ–º–ø–ª–µ–∫—Ç–µ –Ω–∏–∂–Ω—è—è –æ—Ç–≤–µ—Ç–∫–∞, –ø—Ä–∏—à–ª–æ—Å—å –∫–æ–ª—Ö–æ–∑–∏—Ç—å –∏ –æ—Ç–ø–∏–ª–∏–≤–∞—Ç—å –∫—É—Å–æ–∫ –æ—Ç —Å—Ç–∞—Ä–æ–π –æ—Ç–≤–µ—Ç–∫–∏, –∞ —Ç–∞–∫–∂–µ —à—É—Ä—É–ø—ã –æ—Ç—Å—É—Ç—Å—Ç–≤–æ–≤–∞–ª–∏)",3896735,5,0.0,0.0,0.0,0.0,0.0,1
356,–°–ø–∞—Å–∏–±–æ! –í—Å—ë —Ö–æ—Ä–æ—à–æ ,3896818,5,1.0,0.0,0.0,0.0,0.0,0
357,–í—Å–µ –æ–∫,3896822,5,1.0,0.0,0.0,0.0,0.0,0
358,–°—Ä–∞–∑—É –±—ã —Ç–∞–∫,3896870,5,0.0,0.0,0.0,0.0,0.0,1
359," –û—Ç–≤–µ—Ç –ø–æ–ª—É—á–µ–Ω. 
–°–ø–∞—Å–∏–±–æ, —á—Ç–æ —Ä–µ–∑—É–ª—å—Ç–∞—Ç–æ–º —Å—Ç–∞–ª–æ —É—Ç–æ—á–Ω–µ–Ω–∏–µ –∏ –º–µ–Ω—è –ø–æ–Ω—è–ª–∏. 
",3896928,5,1.0,0.0,0.0,0.0,0.0,0
360,"–ë–ª–∞–≥–æ–¥–∞—Ä—é –∑–∞ –æ–±—Ä–∞—Ç–Ω—É—é —Å–≤—è–∑—å. 
–ó–∞ –≤–æ–∑–º–æ–∂–Ω–æ—Å—Ç—å –¥–æ–±–∞–≤–∏—Ç—å –Ω–µ–æ–±—Ö–æ–¥–∏–º—ã–π –¥–æ–∫—É–º–µ–Ω—Ç –≤ –õ–ö –ø—Ä–∏–ª–æ–∂–µ–Ω–∏—è –∏ —Ç–µ–º —Å–∞–º—ã–º —Ä–µ—à–∏—Ç—å –≤–æ–ø—Ä–æ—Å, –Ω–µ –ø–æ—Å–µ—â–∞—è –∫–ª–∏–µ–Ω—Ç—Å–∫–∏–π –æ—Ñ–∏—Å. 
–ü—Ä–∏ –∑–≤–æ–Ω–∫–µ –±—ã–ª–æ –≤–µ–∂–ª–∏–≤–æ–µ, –¥–æ–±—Ä–æ–∂–µ–ª–∞—Ç–µ–ª—å–Ω–æ–µ –æ—Ç–Ω–æ—à–µ–Ω–∏–µ. ",3896945,5,0.0,0.0,1.0,0.0,1.0,0
361,"–ü—Ä–∏—Å–ª–∞–ª–∏ –Ω–∞ —Å–ª–µ–¥—É—é—â–∏–π –¥–µ–Ω—å.
",3896981,5,0.0,0.0,0.0,0.0,0.0,1
362,–û—á–µ–Ω—å –±—ã—Å—Ç—Ä–æ –æ—Ç—Ä–µ–∞–≥–∏—Ä–æ–≤–∞–ª–∏. –†–∞–±–æ—Ç–∞ –∫–∞—á–µ—Å—Ç–≤–µ–Ω–Ω–∞—è!,3897000,5,0.0,0.0,1.0,1.0,0.0,0
363,–ù—É —É—Å—Ç—Ä–∞–Ω–µ–Ω–æ,3897003,1,1.0,0.0,0.0,0.0,0.0,0
364,—Å–ø–∞—Å–∏–±–æ –∑–∞ –ø–æ–¥—Å–∫–∞–∑–∫–∏ –∏ –≤–Ω–∏–º–∞—Ç–µ–ª—å–Ω–æ–µ –æ—Ç–Ω–æ—à–µ–Ω–∏–µ ,3897016,5,1.0,0.0,0.0,0.0,1.0,0
365,–°–∞–Ω—Ç–µ—Ö–Ω–∏–∫ —Å–≤—è–∑–∞–ª—Å—è —Å—Ä–∞–∑—É. –í–æ–ø—Ä–æ—Å —Ä–µ—à–µ–Ω. ,3897067,5,1.0,0.0,1.0,0.0,1.0,0
366,–°–ø–∞—Å–∏–±–æ —Ç–µ—Ö–Ω–∏–∫—É),3897113,5,0.0,0.0,1.0,0.0,0.0,0
367,–ë–ª–∞–≥–æ–¥–∞—Ä—é.  –í—Å—ë –æ—Ç–ª–∏—á–Ω–æ üëç. ,3897118,5,1.0,0.0,0.0,0.0,0.0,0
370,–°–∞–Ω—Ç–µ—Ö–Ω–∏–∫ –±—ã–ª ,3897201,5,1.0,0.0,0.0,0.0,1.0,0
371,–ø–æ–¥—Å–∫–∞–∑–∞–ª–∏ –∫—É–¥–∞ –æ–±—Ä–∞—Ç–∏—Ç—å—Å—è –¥–ª—è —Ä–µ—à–µ–Ω–∏—è –≤–æ–ø—Ä–æ—Å–∞,3897252,5,1.0,0.0,0.0,0.0,0.0,0
372,–°–ø–∞—Å–∏–±–æ –±–æ–ª—å—à–æ–µ –∑–∞ –∏–Ω—Ñ–æ—Ä–º–∞—Ü–∏—é. –¢–∞—Ç—å—è–Ω–∞ –º–æ–ª–æ–¥–µ—Ü!,3897281,5,0.0,0.0,1.0,0.0,0.0,0
373,"—ç–ª–µ–∫—Ç—Ä–∏–∫ –ø—Ä–∏—à—ë–ª –≤ –¥–µ–Ω—å –æ–±—Ä–∞—â–µ–Ω–∏—è, —Å–Ω—è–ª –ø–æ–∫–∞–∑–∞–Ω–∏—è, —Å—á–µ—Ç–∫–∏–∫ —Ä–∞–±–æ—Ç–∞–µ—Ç, —Å–æ—Ç—Ä—É–¥–Ω–∏–∫ –≤–µ–∂–ª–∏–≤—ã–π. –±–ª–∞–≥–æ–¥–∞—Ä—é. ",3897654,5,1.0,0.0,0.0,0.0,0.0,0
374,–í—Å–µ –±—ã–ª–æ —Å–¥–µ–ª–∞–Ω–æ –±—ã—Å—Ç—Ä–æ –∏ –∫–∞—á–µ—Å—Ç–≤–µ–Ω–Ω–æ.,3897730,5,0.0,1.0,0.0,1.0,0.0,0
378,"–ù–∞–ø–æ—Ä —Å—Ç–∞–ª –≥–æ—Ä–∞–∑–¥–æ —Å–∏–ª—å–Ω–µ–µ, –Ω–µ–±–æ –∏ –∑–µ–º–ª—è. –ë—ã—Å—Ç—Ä–æ –ø–æ–Ω—è–ª–∏ –ø—Ä–∏—á–∏–Ω—É —Å–ª–∞–±–æ–≥–æ –Ω–∞–ø–æ—Ä–∞. –°–ø–∞—Å–∏–±–æ ",3897831,5,1.0,0.0,1.0,0.0,1.0,0
379,"–°–ø–∞—Å–∏–±–æ –∑–∞ –≤–∞—à—É —Ä–∞–±–æ—Ç—É! –í—ã—á–∏—Å–ª–∏—Ç—å –±—ã, –∫—Ç–æ –≤—ã—Ä–≤–∞–ª –ø—Ä–µ–¥—ã–¥—É—â–∏–π –¥–æ–≤–æ–¥—á–∏–∫ –∏ –Ω–∞–∫–∞–∑–∞—Ç—å! –ê –≤–∞–º —Å–ø–∞—Å–∏–±–æ!",3898045,5,1.0,0.0,0.0,0.0,0.0,0
380,"–¥–∞ –æ—Ç–∫—Ä—ã–ª–∞ —Å–ø–∞—Å–∏–±–æ
",3898232,5,1.0,0.0,0.0,0.0,0.0,0
381,"–±—ã—Å—Ç—Ä–æ –ø–æ–∑–≤–æ–Ω–∏–ª–∏, –ø—Ä–∏—à–ª–∏ –≤—Å–µ —Å–¥–µ–ª–∞–ª–∏,—Å–ø–∞—Å–∏–±–æ ",3898417,5,0.0,0.0,0.0,1.0,0.0,0
382,"–ú–æ–ª–æ–¥—Ü—ã, –æ—á–µ–Ω—å –æ–ø–µ—Ä–∞—Ç–∏–≤–Ω–æ!!!!! –ü—Ä—è–º –º–∏–Ω—É—Å –æ–¥–Ω–∞ –≥–æ–ª–æ–≤–Ω–∞—è –±–æ–ª—å ",3898427,5,0.0,0.0,0.0,1.0,0.0,0
383,"–û—á–µ–Ω—å –±—ã—Å—Ç—Ä–æ, –∫–∞—á–µ—Å—Ç–≤–µ–Ω–Ω–æ. –°–ø–∞—Å–∏–±–æ! ü§ù",3898572,5,0.0,1.0,0.0,1.0,0.0,0
384,—Å–ø–∞—Å–∏–±–æ –±–æ–ª—å—à–æ–µ –∑–∞ —Ä–∞–∑—ä—è—Å–Ω–µ–Ω–∏—è –∏ –∑–∞ –æ–ø–µ—Ä–∞—Ç–∏–≤–Ω–æ—Å—Ç—å,3898709,5,0.0,0.0,0.0,1.0,0.0,0
385,"–°–ø–∞—Å–∏–±–æ 
",3898733,5,1.0,0.0,0.0,0.0,0.0,0
386,"—Å–æ—Ç—Ä—É–¥–Ω–∏–∫–∏ —Ä–∞–±–æ—Ç–∞—é—Ç –Ω–∞ 5+ ! –º–≥–Ω–æ–≤–µ–Ω–Ω–æ –æ–±—Ä–∞–±–∞—Ç—ã–≤–∞—é—Ç—Å—è –∑–∞—è–≤–∫–∏, –æ—Ç–≤–µ—Ç –ø–æ—Å—Ç—É–ø–∞–µ—Ç —Å—Ä–∞–∑—É –∏ –≤—Å—ë —Ä–µ—à–∞–µ—Ç—Å—è.–æ—Ç–ª–∏—á–Ω—ã–π —Å–µ—Ä–≤–∏—Å, –æ—á–µ–Ω—å –ø—Ä–∏—è—Ç–Ω–æ)",3898761,5,0.0,0.0,1.0,0.0,0.0,0
387,–ë—ã—Å—Ç—Ä–æ –∏ –ø–æ–Ω—è—Ç–Ω–æ ,3898762,5,0.0,0.0,0.0,1.0,0.0,0
388,–°–ø–∞—Å–∏–±–æ –∑–∞ –∫–æ–Ω—Å—É–ª—å—Ç–∞—Ü–∏—é!,3898819,5,0.0,0.0,0.0,0.0,0.0,1
391,"–ü—Ä–æ—Å—Ç–æ –∏ —É–¥–æ–±–Ω–æ, –∞ —Ç–∞–∫–∂–µ –±—ã—Å—Ç—Ä–æ –∏ —ç–∫–æ–Ω–æ–º–∏—è –≤—Ä–µ–º–µ–Ω–∏ –∏ —Ä–µ—Å—É—Ä—Å–æ–≤
.",3899012,5,0.0,0.0,0.0,1.0,1.0,0
392,–û—Ç–ª–∏—á–Ω–æ!,3899166,5,1.0,0.0,0.0,0.0,0.0,0
395,–û—Ç–ª–∏—á–Ω–æ –≤—Å–µ —Å–¥–µ–ª–∞–Ω–æ 5 –±–∞–ª–æ–≤.,3899842,5,0.0,1.0,0.0,0.0,0.0,0
396,"—á–µ—Ç–≤—ë—Ä–∫–∞ –∑–∞ —Ç–æ —á—Ç–æ –≤—ã—Å–ª–∞–ª–∏ —Ç–æ–ª—å–∫–æ —Å–æ –≤—Ç–æ—Ä–æ–≥–æ —Ä–∞–∑–∞. 
–Ω—É–∂–Ω—É—é –∫–≤–∏—Ç–∞–Ω—Ü–∏—é! ",3899902,4,0.0,0.0,0.0,0.0,0.0,1
398,–æ—Ç–ª–∏—á–Ω–æüëçüëèüòÜ,3900024,5,1.0,0.0,0.0,0.0,0.0,0
399,—Å–ø—Å,3900150,5,1.0,0.0,0.0,0.0,0.0,0
400,"–°–ø–∞—Å–∏–±–æ –±–æ–ª—å—à–æ–µ, –≤—Å–µ –ø–æ–ª—É—á–∏–ª–∞ ",3900408,5,1.0,0.0,0.0,0.0,0.0,0
401,"–°–ø–∞—Å–∏–±–æ ,–æ—á–µ–Ω—å –æ–ø–µ—Ä–∞—Ç–∏–≤–Ω–æ ",3900525,5,0.0,0.0,0.0,1.0,0.0,0
402,"–±–ª–∞–≥–æ–¥–∞—Ä—é –º–∞—Å—Ç–µ—Ä–∞, –≤—Å—ë –æ–±—ä—è—Å–Ω–∏–ª –∏ –¥–∞–ª —Ä–µ–∫–æ–º–µ–Ω–¥–∞—Ü–∏–∏",3900539,5,0.0,0.0,1.0,0.0,0.0,0
403,–†–µ–±—è—Ç–∞ –º–æ–ª–æ–¥—Ü—ã,3900559,5,0.0,0.0,1.0,0.0,0.0,0
404,–°–ø–∞—Å–∏–±–æ –∑–∞ –æ–ø–µ—Ä–∞—Ç–∏–≤–Ω–æ–µ —Ä–µ—à–µ–Ω–∏–µ,3900602,5,0.0,0.0,0.0,1.0,0.0,0
406,"—Å–ø–∞—Å–∏–±–æ!
",3900686,5,1.0,0.0,0.0,0.0,0.0,0
407,"–æ–ø–µ—Ä–∞—Ç–∏–≤–Ω–æ, —Å–ø–∞—Å–∏–±–æ",3900690,5,0.0,0.0,0.0,1.0,0.0,0
408,–ë–æ–ª—å—à–æ–µ —Å–ø–∞—Å–∏–±–æ –º–∞—Å—Ç–µ—Ä—É!,3900869,5,0.0,0.0,1.0,0.0,0.0,0
409,"–∫ –æ–∫–∞–∑–∞–Ω–∏—é —Å–∞–º–æ–π —É—Å–ª—É–≥–∏ –∏ —Å–∞–Ω—Ç–µ—Ö–Ω–∏–∫—É –ø—Ä–µ—Ç–µ–Ω–∑–∏–π –Ω–µ—Ç. –∞ –≤–æ—Ç, —Ç–æ —á—Ç–æ –æ—Ç–∫–ª—é—á–µ–Ω–∏—è –ø—Ä–æ–∏—Å—Ö–æ–¥—è—Ç —Ä–µ–≥—É–ª—è—Ä–Ω–æ - –∫—Ä–∞–π–Ω–µ –Ω–µ–≥–∞—Ç–∏–≤–Ω–æ —Å–∫–∞–∑—ã–≤–∞–µ—Ç—Å—è –Ω–∞ –≤–ø–µ—á–∞—Ç–ª–µ–Ω–∏–µ –æ –∫–æ–º–ø–∞–Ω–∏–∏ –°–∞–º–æ–ª–µ—Ç –£–ö",3900886,5,1.0,0.0,0.0,0.0,0.0,0
412,"–°–ø–µ—Ü–∏–∞–ª–∏—Å—Ç –∫–æ–º–ø–µ—Ç–µ–Ω—Ç–Ω–æ –æ–±—ä—è—Å–Ω–∏–ª, —á—Ç–æ –Ω–µ–æ–±—Ö–æ–¥–∏–º–æ —Å–¥–µ–ª–∞—Ç—å —Ç–∞–∫–∏—Ö —Å–ª—É—á–∞—è—Ö! –ò–≥–æ—Ä—å –ó–æ–ª–æ—Ç—É—Ö–∏–Ω üëç",3901101,5,0.0,0.0,1.0,0.0,0.0,0
413,–ë—ã—Å—Ç—Ä–æ –∏ —á—ë—Ç–∫–æ,3901168,5,0.0,1.0,0.0,1.0,0.0,0
414,–í—Å—ë —Ö–æ—Ä–æ—à–æ,3901182,5,1.0,0.0,0.0,0.0,0.0,0
415,–í–ª–∞–¥–∏–º–∏—Ä –≥—Ä–∞–º–æ—Ç–Ω–æ –∏ –∑–¥–æ—Ä–æ–≤–æ –∏ –±—ã—Å—Ç—Ä–æ –≤—Å–µ —Å–¥–µ–ª–∞–ª,3901194,5,0.0,0.0,1.0,0.0,0.0,0
416,–û—Ç–ª–∏—á–Ω—ã–π —Å–µ—Ä–≤–∏—Å! ,3901238,5,0.0,1.0,0.0,0.0,0.0,0
417,–æ–≥—Ä–æ–º–Ω–æ–µ —Å–ø–∞—Å–∏–±–æ,3901247,5,1.0,0.0,0.0,0.0,1.0,0
418,"–°–ø–∞—Å–∏–±–æ! –°–µ—Ä–≤–∏—Å —Ä–∞–±–æ—Ç–∞–µ—Ç, —ç—Ç–æ —Å–∞–º–æ–µ –≥–ª–∞–≤–Ω–æ–µ :)",3901257,5,1.0,0.0,0.0,0.0,1.0,0
419,"–í—Å–µ –æ—Ç–ª–∏—á–Ω–æ,–ø–æ–∑–≤–æ–Ω–∏–ª–∏,–æ—Ç–≤–µ—Ç –ø—Ä–µ–¥–æ—Å—Ç–∞–≤–∏–ª–∏ ",3901356,5,1.0,0.0,0.0,0.0,0.0,0
420,–ó–∞—è–≤–∫–∞ –±—ã–ª–∞ –æ—Ç—Ä–∞–±–æ—Ç–∞–Ω–∞ –≤ —Ç–µ—á–µ–Ω–∏–µ 5-—Ç–∏ –º–∏–Ω—É—Ç.  –ë–ª–∞–≥–æ–¥–∞—Ä—é –∑–∞ –æ–ø–µ—Ä–∞—Ç–∏–≤–Ω–æ—Å—Ç—å!,3901414,5,0.0,0.0,0.0,1.0,0.0,0
421,"–í—Å–µ –æ—Ç–ª–∏—á–Ω–æ, —Å–ø–∞—Å–∏–±–æ",3901433,5,1.0,0.0,0.0,0.0,0.0,0
422,–û–ø–µ—Ä–∞—Ç–∏–≤–Ω–æ–µ —Ä–µ—à–µ–Ω–∏–µ! –°–ø–∞—Å–∏–±–æ),3901446,5,0.0,0.0,0.0,1.0,0.0,0
423,"–¢–∞—Ç—å—è–Ω–∞ –æ–ø–µ—Ä–∞—Ç–∏–≤–Ω–æ —Ä–µ—à–∏–ª–∞ –≤–æ–ø—Ä–æ—Å,–æ—á–µ–Ω—å –æ—Ç–∑—ã–≤—á–∏–≤–∞—è üëç",3901616,5,0.0,0.0,1.0,0.0,0.0,0
424,–í—Å–µ –≥—É–¥,3901836,5,1.0,0.0,0.0,0.0,0.0,0
425,–í—Å–µ –æ—Ç–ª–∏—á–Ω–æ.üëç,3901932,5,1.0,0.0,0.0,0.0,0.0,0
426,"–ü–æ–ø—Ä–∏–≤–µ—Ç—Å—Ç–≤–æ–≤–∞–ª–∏, –ø—Ä–µ–¥–ª–æ–∂–∏–ª–∏ –ø—Ä–∏—Å–µ—Å—Ç—å. –í—Å—ë –±—ã—Å—Ç—Ä–æ –æ—Ñ–æ—Ä–º–∏–ª–∏. –°–ø–∞—Å–∏–±–æ. ",3901987,5,1.0,0.0,0.0,0.0,0.0,0
427,"–°–ø–∞—Å–∏–±–æ —á—Ç–æ —É–±—Ä–∞–ª–∏ –Ω–∞–¥–ø–∏—Å—å. –î—É–º–∞–ª, –±—É–¥–µ—Ç –∞–∫–∫—É—Ä–∞—Ç–Ω–µ–µ ",3902000,4,1.0,0.0,0.0,0.0,0.0,0
428,–≤—Å–µ –±—ã—Å—Ç—Ä–æ –∏ —á–µ—Ç–∫–æ ,3902088,5,0.0,1.0,0.0,1.0,0.0,0
429,"–î–æ–±—Ä—ã–π –¥–µ–Ω—å! –ó–∞—è–≤–∫–∞ –±—ã–ª–∞ –≤—ã–ø–æ–ª–Ω–µ–Ω–∞ –∫–∞—á–µ—Å—Ç–≤–µ–Ω–Ω–æ, —Å–æ—Ç—Ä—É–¥–Ω–∏–∫–∏ –≥—Ä–∞–º–æ—Ç–Ω—ã–µ,–æ—á–µ–Ω—å –≤–µ–∂–ª–∏–≤—ã–µ, –±–æ–ª—å—à–æ–µ –∏–º —Å–ø–∞—Å–∏–±–æ! ",3902093,5,0.0,1.0,1.0,0.0,0.0,0
430,—Å–ø–∞—Å–∏–±–æ –∑–∞ –ø–æ–º–æ—â—å –æ—Ç –ø–æ–¥–∫–ª—é—á–∏–≤—à–∏—Ö—Å—è –∏–Ω–∂–µ–Ω–µ—Ä–æ–≤.,3902383,5,0.0,0.0,1.0,0.0,0.0,0
431,–ó–∞–º–µ—á–∞—Ç–µ–ª—å–Ω—ã–π –º–∞—Å—Ç–µ—Ä! –í—Å–µ –æ—á–µ–Ω—å –æ–ø–µ—Ä–∞—Ç–∏–≤–Ω–æ –∏ –∫–∞—á–µ—Å—Ç–≤–µ–Ω–Ω–æ. –î–æ–±—Ä—ã–π —á–µ–ª–æ–≤–µ–∫ —Å –∑–æ–ª–æ—Ç—ã–º–∏ —Ä—É–∫–∞–º–∏! –û–≥—Ä–æ–º–Ω–æ–µ —Å–ø–∞—Å–∏–±–æ!!!,3902482,5,0.0,0.0,1.0,0.0,0.0,0
432,"–ë–ª–∞–≥–æ–¥–∞—Ä—é, —Ö–æ—Ç—è —è —É–∂–µ –¥–∞–≤–Ω–æ –ø—Ä–æ—Å–∏–ª–∞ –∏ –ø–æ–ª—É—á–∞—é –Ω–∞ —ç–ª.–ø–æ—á—Ç—É, –Ω–æ –ø–æ—á–µ–º—É-—Ç–æ –µ—â—ë –∏ –±—É–º–∞–∂–Ω—ã–µ –ø–æ–ª—É—á–∞–ª–∞.",3902496,5,1.0,0.0,0.0,0.0,0.0,0
433,–í–æ–ø—Ä–æ—Å –±—ã–ª —Ä–µ—à–µ–Ω –æ–ø–µ—Ä–∞—Ç–∏–≤–Ω–æ) —Å–ø–∞—Å–∏–±–æ –±–æ–ª—å—à–æ–µ!,3902529,5,0.0,0.0,0.0,1.0,0.0,0
434,–ú–æ–ª–æ–¥—Ü—ã!,3902558,5,1.0,0.0,0.0,0.0,0.0,0
435,–í—Å–µ –æ–∫ ) —Å–ø–∞—Å–∏–±–æ ,3902632,5,1.0,0.0,0.0,0.0,0.0,0
436,"–∫—Ä–∞—Å–∞–≤—Ü—ã, –±—ã—Å—Ç—Ä–æ,  –æ–ø–µ—Ä–∞—Ç–∏–≤–Ω–æ,  –æ—á–µ–Ω—å –ø—Ä–∏—è—Ç–Ω–æ –≤ –æ–±—â–µ–Ω–∏–∏ ",3902786,5,0.0,0.0,0.0,1.0,0.0,0
437,–•–æ—Ä–æ—à–µ–µ –æ–±—Å–ª—É–∂–∏–≤–∞–Ω–∏–µ),3902795,5,0.0,0.0,0.0,0.0,1.0,0
442,–û–ø–µ—Ä–∞—Ç–∏–≤–Ω–æ –∫–∞–∫ –≤—Å–µ–≥–¥–∞ ,3903272,5,0.0,0.0,0.0,1.0,0.0,0
444,"–ë–æ–ª—å—à–æ–µ —Å–ø–∞—Å–∏–±–æ , –æ–ø–µ—Ä–∞—Ç–∏–≤–Ω–æ –ø–æ—Å—Ç–∞–≤–∏–ª–∏ –æ–≥—Ä–∞–Ω–∏—á–∏—Ç–µ–ª–∏ ",3903349,5,0.0,0.0,0.0,1.0,0.0,0
445,"–æ–¥–Ω—É –∑–≤–µ–∑–¥—É —Å–Ω—è–ª–∞ –∑–∞ —Ç–æ,—á—Ç–æ –æ—Ç–ª–∏—á–∞–µ—Ç—Å—è —Ü–≤–µ—Ç –ø–ª–∏—Ç–∫–∏)",3903374,4,0.0,0.0,0.0,0.0,0.0,1
446,—Å–ø–∞—Å–∏–±–æ! –±—ã—Å—Ç—Ä–æ –∏ –æ–ø–µ—Ä–∞—Ç–∏–≤–Ω–æ,3903406,5,0.0,0.0,0.0,1.0,0.0,0
447,"–ì–æ—Ä—è—á–∞—è –≤–æ–¥–∞ –ø–æ—è–≤–∏–ª–∞—Å—å.
",3903436,5,0.0,0.0,0.0,0.0,1.0,0
448,"–û–ø–µ—Ä–∞—Ç–∏–≤–Ω–æ, —Å–ø–∞—Å–∏–±–æ
",3903453,5,0.0,0.0,0.0,1.0,0.0,0
449,–°–ø–∞—Å–∏–±–æ –∑–∞ –æ–ø–µ—Ä–∞—Ç–∏–≤–Ω–æ—Å—Ç—å ,3903479,5,0.0,0.0,0.0,1.0,0.0,0
451,–°–ø–∞—Å–∏–±–æ –±–æ–ª—å—à–æ–µ –∑–∞ –æ–ø–µ—Ä–∞—Ç–∏–≤–Ω–æ—Å—Ç—å üôåüèªüå∏,3903556,5,0.0,0.0,0.0,1.0,0.0,0
452,–í–æ—Ç —Ç–µ–ø–µ—Ä—å –º–æ–ª–æ–¥—Ü—ã ,3903607,5,1.0,0.0,0.0,0.0,1.0,0
453,–≤—Å–µ –æ—Ç–ª–∏—á–Ω–æ –±–∏—Å—Ç—Ä–æ —É—Å—Ç—Ä–∞–Ω–∏–ª–∏ –º–∞—Å—Ç–µ—Ä —Ö–æ—Ä–æ—à–∏,3903626,5,0.0,0.0,1.0,0.0,0.0,0
454,"—Å–ø–∞—Å–∏–±–æ, –ø—Ä–æ–±–ª–µ–º–∞ –±—ã–ª–∞ —Ä–µ—à–µ–Ω–∞",3903666,5,1.0,0.0,0.0,0.0,0.0,0
455,"—Å–ø–∞—Å–∏–±–æ –∑–∞ –æ–ø–µ—Ä–∞—Ç–∏–≤–Ω–æ—Å—Ç—å –∏ –≥—Ä–∞–º–æ—Ç–Ω—ã–π, —Ä–∞–∑–≤—ë—Ä–Ω—É—Ç—ã–π –æ—Ç–≤–µ—Ç) 
",3903709,5,0.0,0.0,0.0,1.0,0.0,0
456,–°–ø–∞—Å–∏–±–æ –±–æ–ª—å—à–æ–µ! –ó–∞—è–≤–∫–∞ –≤—ã–ø–æ–ª–Ω–µ–Ω–∞ –±—ã—Å—Ç—Ä–æ –∏ –∫–∞—á–µ—Å—Ç–≤–µ–Ω–Ω–æ!,3903741,5,0.0,1.0,0.0,1.0,0.0,0
457,–û–≥—Ä–æ–º–Ω–æ–µ —Å–ø–∞—Å–∏–±–æ ,3903798,5,1.0,0.0,0.0,0.0,0.0,0
458,–°—É–ø–µ—Ä!!!,3903951,5,1.0,0.0,0.0,0.0,0.0,0
459,–í—ã–ø–æ–ª–Ω–µ–Ω–æ –±—ã—Å—Ç—Ä–æ –∏ –∫–∞—á–µ—Å—Ç–≤–µ–Ω–Ω–æ!,3903997,5,0.0,1.0,0.0,1.0,0.0,0
460,–í—Å—ë  –ø–æ–Ω—è—Ç–Ω–æ –æ–±—ä—è—Å–Ω–∏–ª–∏.,3904073,5,1.0,0.0,0.0,0.0,0.0,0
461,–ë–æ–ª—å—à–æ–µ —Å–ø–∞—Å–∏–±–æ –í–∞—Å–∏–ª–∏—é –∑–∞ –ø—Ä–æ–¥–µ–ª–∞–Ω–Ω—É—é —Ä–∞–±–æ—Ç—É!,3904265,5,0.0,0.0,1.0,0.0,0.0,0
462,"–ë–ª–∞–≥–æ–¥–∞—Ä—é, –ø–æ–º–æ–≥–ª–∏, –∞ —Ç–æ –¥–æ –í–∞—Å –Ω–∏–∫—Ç–æ –Ω–µ –º–æ–≥ —Ä–µ—à–∏—Ç—å —ç—Ç—É –ø—Ä–æ–±–ª–µ–º—É, –µ—â–µ —Ä–∞–∑ —Å–ø–∞—Å–∏–±–æ)",3904421,5,1.0,0.0,0.0,0.0,1.0,0
463,"–û—á–µ–Ω—å –æ–ø–µ—Ä–∞—Ç–∏–≤–Ω–æ –º–µ–Ω–µ–¥–∂–µ—Ä —Å–≤—è–∑–∞–ª—Å—è, –æ—Ç–≤–µ—Ç–∏–ª –Ω–∞ –≤–æ–ø—Ä–æ—Å—ã –∏ –æ—Ç–ø—Ä–∞–≤–∏–ª –Ω–µ–æ–±—Ö–æ–¥–∏–º—ã–µ –¥–æ–∫—É–º–µ–Ω—Ç—ã. –ë–ª–∞–≥–æ–¥–∞—Ä—é!",3904489,5,0.0,0.0,1.0,1.0,0.0,0
464,"–±—ã—Å—Ç—Ä–æ –æ—Ç—Ä–µ–∞–≥–∏—Ä–æ–≤–∞–ª–∏, –∑–∞–ø—É—Å—Ç–∏–ª–∏",3904503,5,1.0,0.0,0.0,0.0,0.0,0
465,–°–ø–∞—Å–∏–±–æ. –û–ø–µ—Ä–∞—Ç–∏–≤–Ω–æ –ø—Ä–∏–Ω—è–ª–∏ –∑–∞—è–≤–∫—É –∏ –æ—Ç—Ä–µ–º–æ–Ω—Ç–∏—Ä–æ–≤–∞–ª–∏.–õ–∏—Ñ—Ç —Ä–∞–±–æ—Ç–∞–µ—Ç –∏—Å–ø—Ä–∞–≤–Ω–æ.,3904606,5,0.0,0.0,0.0,1.0,0.0,0
466,–û–ø–µ—Ä–∞—Ç–∏–≤–Ω–æ –∏ –Ω–∞–¥–µ–∂–Ω–æ),3904693,5,0.0,0.0,0.0,1.0,0.0,0
467,–û—Ç–ª–∏—á–Ω–æ,3904810,5,1.0,0.0,0.0,0.0,0.0,0
468,"–°–ø–∞—Å–∏–±–æ! –£—Å–ª—É–≥–∞ –æ–∫–∞–∑–∞–Ω–∞ –æ—á–µ–Ω—å –æ–ø–µ—Ä–∞—Ç–∏–≤–Ω–æ, —É–¥–æ–±–Ω—ã–π —Ñ–æ—Ä–º–∞—Ç. –ó–∞–∫–∞–∑–∞–ª–∞ –∫–ª—é—á –Ω–∞ –≤—ã—Ö–æ–¥–Ω—ã—Ö, –≤ –ø–æ–Ω–µ–¥–µ–ª—å–Ω–∏–∫ –≤—Å–µ –±—ã–ª–æ –≥–æ—Ç–æ–≤–æ. –°–æ—Ç—Ä—É–¥–Ω–∏–∫–∏ –≤–µ–∂–ª–∏–≤—ã–µ –∏ –≤–Ω–∏–º–∞—Ç–µ–ª—å–Ω—ã–µüëç",3904847,5,0.0,0.0,0.0,1.0,0.0,0
469,"–í—Å–µ —Å—É–ø–µ—Ä, –û—á–µ–Ω—å –æ–ø–µ—Ä–∞—Ç–∏–≤–Ω–æ –∏ –ø—Ä–æ—Ñ–µ—Å—Å–∏–æ–Ω–∞–ª—å–Ω–æ, –°–ø–∞—Å–∏–±–æ ",3904911,5,0.0,0.0,0.0,1.0,0.0,0
471,–í—Å—ë –±—ã—Å—Ç—Ä–æ –∏ –∫–∞—á–µ—Å—Ç–≤–µ–Ω–Ω–æ!üëç,3905059,5,0.0,1.0,0.0,1.0,0.0,0
472,"–¢–æ—Ç –∫—Ç–æ  –≤—ã–ø–æ–ª–Ω—è–ª –∑–∞—è–≤–∫—É, —á—É–¥–æ! –û–ø–µ—Ä–∞—Ç–∏–≤–Ω–æ –≤—ã–ø–æ–ª–Ω–∏–ª–∏. –°–ø–∞—Å–∏–±–æ üëçüèª",3905086,5,0.0,0.0,1.0,1.0,0.0,0
473,"—Å–ø–∞—Å–∏–±–æ,–∂–¥—É –±—É–º–∞–∂–Ω—ã–µ –ø–ª–∞—Ç–µ–∂–Ω—ã–µ –ø–æ—Ä—É—á–µ–Ω–∏—è —Å–æ —Å–ª–µ–¥—É—é—â–µ–≥–æ –º–µ—Å—è—Ü–∞ ",3905337,5,0.0,0.0,0.0,0.0,0.0,1
475,"–ª—É—á—à–∏–π –º–∞—Å—Ç–µ—Ä –Ω–∞ —Å–≤–µ—Ç–µ, –Ω—É–∂–Ω–æ –µ–º—É –≤—ã–¥–∞—Ç—å –ø—Ä–µ–º–∏—é ",3905720,5,0.0,0.0,1.0,0.0,0.0,0
476,—Ä–∞–±–æ—Ç–∞–µ—Ç! –°–ø–∞—Å–∏–±–æ,3905785,5,1.0,0.0,0.0,0.0,0.0,0
477,"–°–ø–∞—Å–∏–±–æ —ç–ª–µ–∫—Ç—Ä–∏–∫—É, –æ–ø–µ—Ä–∞—Ç–∏–≤–Ω–æ –ø—Ä–∏—à—ë–ª! ",3905786,5,0.0,0.0,1.0,1.0,0.0,0
479,–≤—Å–µ –æ—Ç–ª–∏—á–Ω–æ! ,3905983,5,1.0,0.0,0.0,0.0,0.0,0
481,"–•–æ—Ç–µ–ª–æ—Å—å, —á—Ç–æ –±—ã –∫–∞–∂–¥—ã–π –º–µ—Å—è—Ü –ø—Ä–∏—Å—ã–ª–∞–ª–∏ –∫–≤–∏—Ç–∞–Ω—Ü–∏—é –Ω–∞ –ø–æ—á—Ç—É –∏–ª–∏ –≤ –ø—Ä–∏–ª–æ–∂–µ–Ω–∏–∏",3906032,5,0.0,0.0,0.0,0.0,0.0,1
482,"–ë–æ–ª—å—à–æ–µ —Å–ø–∞—Å–∏–±–æ —ç–ª–µ–∫—Ç—Ä–∏–∫—É! –°–∏—Ç—É–∞—Ü–∏—è –±—ã–ª–∞ –Ω–µ –∏–∑ –ø—Ä–æ—Å—Ç—ã—Ö, –Ω–æ –æ–Ω –æ–±–Ω–∞—Ä—É–∂–∏–ª –ø—Ä–æ–±–ª–µ–º—É –∏ —Å–º–æ–≥ –µ–µ —Ä–µ—à–∏—Ç—å ",3906048,5,0.0,0.0,1.0,0.0,0.0,0
483,"–°–∞–Ω—Ç–µ—Ö–Ω–∏–∫ –º–æ–ª–æ–¥–µ—Ü! –£—Å—Ç—Ä–∞–Ω–∏–ª —É—Ç–µ—á–∫—É –≤–æ–¥—ã –≤—ã—à–µ –ø–æ —ç—Ç–∞–∂—É –∏ –≤ –Ω–∞—Å –ø–µ—Ä–µ—Å—Ç–∞–ª–∞ —Ç–µ—á—å –≤–æ–¥–∞. 
–ú–æ–ª–æ–¥–µ—Ü! 
",3906126,5,0.0,0.0,1.0,0.0,0.0,0
484,–±–ª–∞–≥–æ–¥–∞—Ä—é,3906279,5,1.0,0.0,0.0,0.0,0.0,0
485,—Å–ø–∞—Å–∏–±–æ –±–æ–ª—å—à–æ–µ –∑–∞ —Ä–∞–±–æ—Ç—É –∏ –æ–ø–µ—Ä–∞—Ç–∏–≤–Ω–æ—Å—Ç—å,3906380,5,0.0,0.0,0.0,1.0,1.0,0
486,"–∂–∞–ª–∫–æ, —á—Ç–æ –ø—Ä–∏ –æ–ø–ª–∞—Ç–µ —Å—á–µ—Ç–æ–≤ —á–µ—Ä–µ–∑ –±–∞–Ω–∫, –≤ –ø—Ä–∏–ª–æ–∂–µ–Ω–∏–∏ –Ω–µ –æ—Ç–æ–±—Ä–∞–∂–∞–µ—Ç—Å—è –∏–Ω—Ñ–æ—Ä–º–∞—Ü–∏—è –æ–± –æ–ø–ª–∞—Ç–µ –∏ –ø—Ä–∏—Ö–æ–¥–∏—Ç—Å—è –∑–∞–≥—Ä—É–∂–∞—Ç—å –∫–≤–∏—Ç–∞–Ω—Ü–∏–∏ –¥–æ–ø–æ–ª–Ω–∏—Ç–µ–ª—å–Ω–æ –∏ –ø–æ–¥—Ç–≤–µ—Ä–∂–¥–∞—Ç—å —Ñ–∞–∫—Ç –æ–ø–ª–∞—Ç—ã",3906407,4,0.0,0.0,0.0,0.0,0.0,1
488,–í—Å–µ –±—ã—Å—Ç—Ä–æ –∏ –∫–∞—á–µ—Å—Ç–≤–µ–Ω–Ω–æ ,3906535,5,0.0,1.0,0.0,1.0,0.0,0
489,"—Å–ø–∞—Å–∏–±–æ –±–æ–ª—å—à–æ–µ, –∂–∞–ª—å, —á—Ç–æ —Ç–∞–º —É–∂–µ –æ–ø—è—Ç—å –Ω–∞–º—É—Å–æ—Ä–∏–ª–∏(",3906752,5,1.0,0.0,0.0,0.0,0.0,0
491,"—Å–ø–∞—Å–∏–±–æ, —Ç–µ–ø–µ—Ä—å –æ–Ω–∞ –∑–∞–∫—Ä—ã–≤–∞–µ—Ç—Å—è ",3906789,5,0.0,0.0,0.0,0.0,1.0,0
493,"–ú–æ–∂–Ω–æ –±—ã–ª–æ –∏ —Å—Ä–∞–∑—É –∑–∞—è–≤–∫—É –≤—ã–ø–æ–ª–Ω–∏—Ç—å. –ù–µ –∑–∞–±—ã–≤–∞–µ—Ç–µ —á—Ç–æ –ø–æ –ø–µ—Ä–∏–º–µ—Ç—Ä—É –Ω–µ—Å–∫–æ–ª—å–∫–æ –∫–æ–Ω—Ç–µ–π–Ω–µ—Ä–æ–≤ –¥–ª—è –ø–∞–∫–µ—Ç–æ–≤. –ü–∞–∫–µ—Ç—ã –∫–æ–Ω—á–∞—é—Ç—Å—è –±—ã—Å—Ç—Ä–æ, –∑–Ω–∞—á–∏—Ç —Ö–æ–∑—è–µ–≤–∞ —É–±–∏—Ä–∞—é—Ç –∑–∞ —Å–æ–±–∞–∫–∞–º–∏. ",3906922,3,0.0,0.0,0.0,0.0,0.0,1
494,"–°–ø–∞—Å–∏–±–æ –±–æ–ª—å—à–æ–µ –∑–∞ –æ–ø–µ—Ä–∞—Ç–∏–≤–Ω–æ—Å—Ç—å,–º–∏—Ä –∏ –ø—Ä–æ—Ü–≤–µ—Ç–∞–Ω–∏–µ –≤–∞—à–µ–π –∫–æ–º–ø–∞–Ω–∏–∏ –°–∞–º–æ–ª–µ—Ç!",3906976,5,0.0,0.0,0.0,1.0,1.0,0
495,–í—ã—à–µ –ø–æ—Ö–≤–∞–ª.. ,3907117,5,0.0,0.0,0.0,0.0,1.0,0
497,–°–ø–∞—Å–∏–±–æ –∑–∞ –æ–ø–µ—Ä–∞—Ç–∏–≤–Ω–æ—Å—Ç—å! ,3907130,5,0.0,0.0,0.0,1.0,0.0,0
498,–ë–ª–∞–≥–æ–¥–∞—Ä—é –∑–∞ –æ–ø–µ—Ä–∞—Ç–∏–≤–Ω–æ—Å—Ç—å.,3907258,5,0.0,0.0,0.0,1.0,0.0,0
1,–°–ø–∞—Å–∏–±–æ..,3907305,5,1.0,0.0,0.0,0.0,0.0,0
4,"–æ—á–µ–Ω—å –≤–µ–∂–ª–∏–≤–∞—è –∏ –≥—Ä–∞–º–æ—Ç–Ω–∞—è —Å–æ—Ç—Ä—É–¥–Ω–∏—Ü–∞, –ø–æ–±–æ–ª—å—à–µ –±—ã —Ç–∞–∫–∏—Ö!",3907364,5,0.0,0.0,1.0,0.0,0.0,0
5,—Å–ø–∞—Å–∏–±–æ. –ø—Ä–æ—à—É –∑–∞–≥—Ä—É–∂–∞—Ç—å –∫–≤–∏—Ç–∞–Ω—Ü–∏–∏ –≤ –ª–∏—á–Ω—ã–π –∫–∞–±–∏–Ω–µ—Ç –±–µ–∑ –¥–æ–ø–æ–ª–Ω–∏—Ç–µ–ª—å–Ω—ã—Ö –∑–∞–ø—Ä–æ—Å–æ–≤.,3907480,5,0.0,0.0,0.0,0.0,0.0,1
6,–≤—Å–µ –ø—Ä–µ–∫—Ä–∞—Å–Ω–æ,3907589,5,1.0,0.0,0.0,0.0,1.0,0
9,"–≤—Å–µ –±—ã—Å—Ç—Ä–æ –∏ –∫–∞—á–µ—Å—Ç–≤–µ–Ω–Ω–æ, –±–æ–ª—å—à–æ–µ —Å–ø–∞—Å–∏–±–æ!",3907672,5,0.0,1.0,0.0,0.0,0.0,0
11,–ö–æ–Ω—Å—É–ª—å—Ç–∞—Ü–∏—è –±—ã–ª–∞ –ø—Ä–æ–≤–µ–¥–µ–Ω–∞ –ø—Ä–æ—Ñ–µ—Å—Å–∏–æ–Ω–∞–ª—å–Ω–æ. –°–ø–∞—Å–∏–±–æ –∑–∞ —Ä–∞–∑—ä—è—Å–Ω–µ–Ω–∏—è –∏ —Ä–µ–∫–æ–º–µ–Ω–¥–∞—Ü–∏–∏,3907792,5,0.0,0.0,0.0,0.0,0.0,1
12,"–°–ø–∞—Å–∏–±–æ –±–æ–ª—å—à–æ–µ, —á—Ç–æ –ø–æ—á–∏–Ω–∏–ª–∏ –¥–≤–µ—Ä—å. –ó–∞—à–ª–∞ –±–µ–∑ –ø—Ä–æ–±–ª–µ–º. –î–≤–µ—Ä—å —Ä–∞–±–æ—Ç–∞–µ—Ç –æ—Ç–ª–∏—á–Ω–æ. ",3907928,5,0.0,0.0,1.0,0.0,1.0,0
13,–°–ø–∞—Å–∏–±–æ –∑–∞ –æ–ø–µ—Ä–∞—Ç–∏–≤–Ω–æ—Å—Ç—å. ,3907943,5,0.0,0.0,0.0,1.0,0.0,0
16,–°–ø–∞—Å–∏–±–æ –∑–∞ —Ä–∞–±–æ—Ç—É,3908011,5,0.0,0.0,0.0,0.0,1.0,0
17,–ë—ã—Å—Ç—Ä–æ,3908377,5,0.0,0.0,0.0,1.0,0.0,0
18,–°–ø–∞—Å–∏–±–æ –∑–∞ –±—ã—Å—Ç—Ä–æ–µ —Ä–µ—à–µ–Ω–∏–µ –≤–æ–ø—Ä–æ—Å–∞. –õ–æ—è–ª—å–Ω–æ—Å—Ç—å –º–∞—Å—Ç–µ—Ä–∞ —Å –ø–æ–¥–±–æ—Ä–æ–º –≤—Ä–µ–º–µ–Ω–∏,3908429,5,0.0,0.0,1.0,1.0,0.0,0
19,"—Å–ø–∞—Å–∏–±–æ –∑–∞ –æ–±—Ä–∞—Ç–Ω—É—é —Å–≤—è–∑—å,–Ω–∞–¥–µ—é—Å—å –≤ –ø—Ä–∏–ª–æ–∂–µ–Ω–∏–∏ –∏–Ω—Ñ–æ—Ä–º–∞—Ü–∏—è –æ–±–Ω–æ–≤–∏—Ç—å—Å—è,—á—Ç–æ –æ–ø–ª–∞—Ç–∞ –ø—Ä–æ—à–ª–∞.


",3908490,4,0.0,0.0,0.0,0.0,0.0,1
21,—Å–ø–∞—Å–∏–±–æ –∑–∞ —á–µ—Ç–∫–æ—Å—Ç—å –∏ –±—ã—Å—Ç—Ä–æ—Ç—É!,3908579,5,0.0,1.0,0.0,1.0,0.0,0
22,"–ö–æ–Ω—Å—É–ª—å—Ç–∞—Ü–∏—è –∏ –Ω–∞—Å—Ç—Ä–æ–π–∫–∞ –ø—Ä–∏–±–æ—Ä–∞ –≤—ã–ø–æ–ª–Ω–µ–Ω–∞ –æ—á–µ–Ω—å –±—ã—Å—Ç—Ä–æ, –∫–∞—á–µ—Å—Ç–≤–µ–Ω–Ω–æ –∏ –ø—Ä–æ—Ñ–µ—Å—Å–∏–æ–Ω–∞–ª—å–Ω–æ, —Å–ø–∞—Å–∏–±–æ! ",3908590,5,0.0,1.0,0.0,1.0,0.0,0
24,"–º–∞—Å—Ç–µ—Ä –≤—ã–ø–æ–ª–Ω–∏–ª —Ä–∞–±–æ—Ç—É –±—ã—Å—Ç—Ä–æ –∏ —á–∏—Å—Ç–æ, –≤—Å–µ –æ—Ç–ª–∏—á–Ω–æ",3908772,5,0.0,0.0,0.0,1.0,0.0,0
25,–°–∞–º–∞—è –ª—É—á—à–∞—è –£–ö . –°–ø–∞—Å–∏–±–æ –±–æ–ª—å—à–æ–µ –∑–∞ –ø–æ–º–æ—â—å. –ó–∞ –±—ã—Å—Ç—Ä—É—é —Ä–∞–±–æ—Ç—É –∏ –º–≥–Ω–æ–≤–µ–Ω–Ω—É—é –≤—ã–ø–æ–ª–Ω–µ–Ω–∏—è!!!!,3908843,5,0.0,0.0,0.0,1.0,0.0,0
27,–û—á–µ–Ω—å –±—ã—Å—Ç—Ä–æüëç,3908929,5,0.0,0.0,0.0,1.0,0.0,0
28,–±—ã—Å—Ç—Ä–æ,3909050,5,0.0,0.0,0.0,1.0,0.0,0
29,—Å–ø–∞—Å–∏–±–æ –∑–∞ –æ–ø–µ—Ä–∞—Ç–∏–≤–Ω—ã–π –æ—Ç–≤–µ—Çüòäüëç,3909086,5,0.0,0.0,0.0,1.0,0.0,0
31,–æ—á–µ–Ω—å —É–¥–æ–±–Ω–æ –ø–æ–ª—É—á–∞—Ç—å —ç–ª–µ–∫—Ç—Ä–æ–Ω–Ω—É—é –∫–≤–∏—Ç–∞–Ω—Ü–∏—é.  –î–∞–≤–Ω–æ –ø–æ—Ä–∞. ,3909146,5,0.0,0.0,0.0,0.0,1.0,0
32,–û–ø–µ—Ä–∞—Ç–∏–≤–Ω–æ –≤—ã–ø–æ–ª–Ω–∏–ª–∏ –∑–∞—è–≤–∫—É. –°–ø–∞—Å–∏–±–æ,3909271,5,0.0,0.0,0.0,1.0,0.0,0
33,—Å–ø–∞—Å–∏–±–æ —Å–ø–µ—Ü–∏–∞–ª–∏—Å—Ç—É. ,3909398,5,0.0,0.0,1.0,0.0,0.0,0
34,"–ñ–∞–ª–∫–æ, —á—Ç–æ –∑–∞—Ä–∞–Ω–µ–µ –Ω–µ –ø—Ä–µ–¥—É–ø—Ä–µ–∂–¥–∞–µ—Ç–µ, —á—Ç–æ –µ—Å—Ç—å —Ç–µ—Ö –ø—Ä–æ–±–ª–µ–º—ã —Å–µ–π—á–∞—Å, –∫–∞–∫ –Ω–∞–º —É–∑–Ω–∞—Ç—å - –≤ –Ω–æ–≤–æ—Å—Ç–∏ –º–æ–∂–Ω–æ –Ω–∞–ø–∏—Å–∞—Ç—å —Ç–∞–∫–æ–µ. –ò –Ω–µ—Ç —Ç–∞–∫–æ–≥–æ —Ä–∞–∑–¥–µ–ª–∞ –ø—Ä–æ —Ñ–æ—Ä–º–∏—Ä–æ–≤–∞–Ω–∏–µ –∫–≤–∏—Ç–∞–Ω—Ü–∏–π –≤ –∑–∞—è–≤–∫–∞—Ö –≤ –£–ö, –Ω–µ —Å—Ä–∞–∑—É –ø–æ–Ω—è–ª–∞, –≥–¥–µ –Ω–∞–ø–∏—Å–∞—Ç—å ",3909430,4,0.0,0.0,0.0,0.0,0.0,1
35,–û–≥—Ä–æ–º–Ω–µ–π—à–µ–µ —Å–ø–∞—Å–∏–±–æ –∑–∞ –æ–ø–µ—Ä–∞—Ç–∏–≤–Ω–æ—Å—Ç—å‚ù§Ô∏è,3909441,5,0.0,0.0,0.0,1.0,0.0,0
36,–°–ø–∞—Å–∏–±–æ –æ–≥—Ä–æ–º–Ω–µ–π—à–µ–µ –∑–∞ –æ–ø–µ—Ä–∞—Ç–∏–≤–Ω–æ—Å—Ç—å ‚ù§Ô∏è,3909442,5,0.0,0.0,0.0,1.0,0.0,0
37,–ë–ª–∞–≥–æ–¥–∞—Ä—é –∑–∞ —Ä–∞–±–æ—Ç—É!,3909517,5,0.0,0.0,0.0,0.0,1.0,0
38,–í—Å–µ —Ä–µ—à–∏–ª–∏! –ü–µ—Ä–µ–∑–≤–æ–Ω–∏–ª–∏ . –°–ø–∞—Å–∏–±–æ ,3909595,5,0.0,0.0,0.0,0.0,1.0,0
40,–û—á–µ–Ω—å –±—ã—Å—Ç—Ä–æ –≤—Å–µ —Å–¥–µ–ª–∞–ª–∏!!!!,3909682,5,0.0,0.0,0.0,1.0,0.0,0
41,–û–≥—Ä–æ–º–Ω–æ–µ –°–ø–∞—Å–∏–±–æ.,3909709,5,1.0,0.0,0.0,0.0,1.0,0
499,–í—Å–µ –æ—Ç–ª–∏—á–Ω–æ.  –ñ–∞–ª—å —á—Ç–æ –¥–ª—è —Å–æ—Ç—Ä—É–¥–Ω–∏–∫–æ–≤ –∫–æ–º–ø–∞–Ω–∏–∏ –Ω–∞ –¥–∞–Ω–Ω—ã–µ —É—Å–ª—É–≥–∏ –Ω–µ –¥–µ–π—Å—Ç–≤—É—é—Ç —Å–∫–∏–¥–∫–∏.,3909787,5,1.0,0.0,0.0,0.0,1.0,0
42,–æ—á–µ–Ω—å –±—ã—Å—Ç—Ä–æ,3909810,5,0.0,0.0,0.0,1.0,0.0,0
43,"–û—á–µ–Ω—å –ø—Ä–∏—è—Ç–Ω—ã–π –º–µ–Ω–µ–¥–∂–µ—Ä –∫–æ–Ω—Å—É–ª—å—Ç–∞–Ω—Ç , –∫–æ—Ç–æ—Ä–∞—è –≤—Å—ë –ø—Ä–∞–≤–∏–ª—å–Ω–æ –∏ –ø–æ–¥—Ä–æ–±–Ω–æ –æ–±—ä—è—Å–Ω—è–µ—Ç.",3909863,5,0.0,0.0,0.0,0.0,0.0,1
44,–°–ø–∞—Å–∏–±–æ !!!!–≤—Å–µ —Å—É–ø–µ—Ä ,3909888,5,1.0,0.0,0.0,0.0,1.0,0
45,—Å–ø–∞—Å–∏–±–æ –±–æ–ª—å—à–æ–µ! ,3909979,5,1.0,0.0,0.0,0.0,0.0,0
46,"–°–ø–µ—Ü–∏–∞–ª–∏—Å—Ç –ø—Ä–∏—à—ë–ª –æ—á–µ–Ω—å –±—ã—Å—Ç—Ä–æ, –≤—Å–µ –±—ã—Å—Ç—Ä–æ –∏—Å–ø—Ä–∞–≤–∏–ª. –°–ø–∞—Å–∏–±–æ. ",3910052,5,0.0,0.0,1.0,1.0,0.0,0
47,"–≤—Å—ë —Å—É–ø–µ—Ä, –≤–æ–ø—Ä–æ—Å —Ä–µ—à—ë–Ω –±—ã—Å—Ç—Ä–æ)",3910060,5,0.0,0.0,0.0,1.0,0.0,0
48,–û—á–µ–Ω—å –Ω–∞–¥–µ—é—Å—å —á—Ç–æ –∫–≤–∏—Ç–∞–Ω—Ü–∏—è –±—É–¥–µ—Ç –¥—É–±–ª–∏—Ä–æ–≤–∞—Ç—å—Å—è –∏ –≤ –ø—Ä–∏–ª–æ–∂–µ–Ω–∏–∏. –ê —Ç–∞–∫ –æ–ø–µ—Ä–∞—Ç–∏–≤–Ω–æ –∏ –±—ã—Å—Ç—Ä–æ –ø–æ—Å—Ç—É–ø–∏–ª–∞. ,3910089,5,1.0,0.0,0.0,1.0,0.0,0
49,—Å–ø–∞—Å–∏–±–æ –±–æ–ª—å—à–æ–µ –∑–∞ –±—ã—Å—Ç—Ä–æ–µ —Ä–µ–∞–≥–∏—Ä–æ–≤–∞–Ω–∏–µ. ,3910166,5,0.0,0.0,0.0,1.0,0.0,0
51,—Å–ø–∞—Å–∏–±–æ –¥–µ–≤–æ—á–∫–∞–º –æ–ø–µ—Ä–∞—Ç–æ—Ä–∞–º!,3910233,5,0.0,0.0,1.0,0.0,0.0,0
54,"–ú–µ–Ω–µ–¥–∂–µ—Ä –ï–ª–∏–∑–∞–≤–µ—Ç–∞  –æ—á–µ–Ω—å –±—ã—Å—Ç—Ä–æ —Ä–µ—à–∏–ª–∞ –º–æ–π –≤–æ–ø—Ä–æ—Å, —Å–ø–∞—Å–∏–±–æ!",3910259,5,0.0,0.0,1.0,0.0,0.0,0
55,"—Å–ø–∞—Å–∏–±–æ, –Ω–æ –ø—Ä–∏–¥—É–º–∞–π—Ç–µ, –ø–æ–∂–∞–ª—É–π—Å—Ç–∞, —Å–ø–æ—Å–æ–± –∫–∞–∫ —ç—Ç–æ–≥–æ –∏–∑–±–µ–∂–∞—Ç—å –Ω–∞ –±—É–¥—É—â–µ–µ. ",3910269,5,1.0,0.0,0.0,0.0,0.0,0
56,"–°–ø–∞—Å–∏–±–æ –∑–∞ —Ä–∞–±–æ—Ç—É, –≤—ã–ø–æ–ª–Ω–µ–Ω–∞ –∫–∞—á–µ—Å—Ç–≤–µ–Ω–Ω–æ –∏ –≤ —Å—Ä–æ–∫",3910346,5,0.0,0.0,1.0,1.0,1.0,0
57,–°–ø–∞—Å–∏–±–æ !!,3910395,5,1.0,0.0,0.0,0.0,0.0,0
58,–ü—Ä—è–º –º–æ–ª–æ–¥—Ü—ã! –ü–æ—Ä–∞–¥–æ–≤–∞–ª–∏) –≤—Å–µ —á–µ—Ç–∫–æ) ,3910406,5,1.0,0.0,0.0,0.0,1.0,0
59,–ê–ª–µ–∫—Å–µ–π –ø—Ä–æ—Ñ–µ—Å—Å–∏–æ–Ω–∞–ª –≤ —Å–≤–æ–µ–º –¥–µ–ª–µ! –ë—ã—Å—Ç—Ä–æ –Ω–∞—à–µ–ª –ø—Ä–æ–±–ª–µ–º—É –∏ —É—Å—Ç—Ä–∞–Ω–∏–ª –µ–µ. –û–≥—Ä–æ–º–Ω–æ–µ –µ–º—É —Å–ø–∞—Å–∏–±–æ!,3910434,5,0.0,0.0,1.0,1.0,1.0,0
60,"–î–∞, –ø–æ–¥—Ç–≤–µ—Ä–∂–¥–∞—é ! –í—á–µ—Ä–∞ –≤–µ—á–µ—Ä–æ–º –æ–±–Ω–∞—Ä—É–∂–∏–ª–∞ —á—Ç–æ —É—Å—Ç—Ä–∞–Ω–µ–Ω–æ. –°–ø–∞—Å–∏–±–æ",3910685,5,1.0,0.0,0.0,0.0,1.0,0
61,–≤–æ–ø—Ä–æ—Å —Ä–µ—à—ë–Ω ,3910836,5,1.0,0.0,0.0,0.0,0.0,0
62,"–°–ø–∞—Å–∏–±–æ –∑–∞ –ø–æ–º–æ—â—å
",3910841,5,1.0,0.0,0.0,0.0,0.0,0
64,–°–ø–∞—Å–∏–±–æ! –û—á–µ–Ω—å –±—ã—Å—Ç—Ä–æ —Å—Ä–∞–±–æ—Ç–∞–ª–∏!,3910908,5,0.0,0.0,0.0,1.0,1.0,0
65,–î–æ–±—Ä—ã–π –¥–µ–Ω—å. –°–ø–∞—Å–∏–±–æ –∑–∞ —Ä–∞–∑—ä—è—Å–Ω–µ–Ω–∏–µ. –í—Å–µ–≥–æ –≤–∞–º —Ö–æ—Ä–æ—à–µ–≥–æ.,3910977,5,1.0,0.0,0.0,0.0,1.0,0
68,–º–æ–ª–æ–¥–µ—Ü —ç–ª–µ–∫—Ç—Ä–∏–∫ –æ–ø–µ—Ä–∞—Ç–∏–≤–Ω–æ —Ä–µ—à–∏–ª –ø—Ä–æ–±–ª–µ–º—É ,3911065,5,0.0,0.0,1.0,1.0,0.0,0
69,–ë—ã—Å—Ç—Ä–æ –∏ –∞–∫–∫—É—Ä–∞—Ç–Ω–æ!–ë–ª–∞–≥–æ–¥–∞—Ä—é!,3911104,5,0.0,0.0,0.0,1.0,1.0,1
70,—Å–ø–∞—Å–∏–±–æ –±–æ–ª—å—à–æ–µ! –ø—É—Å—Ç—å —É–±–∏—Ä–∞—é—Ç —á–∞—Å—Ç–æ.... ,3911134,5,1.0,0.0,0.0,0.0,1.0,0
71,–æ—á–µ–Ω—å –æ–ø–µ—Ä–∞—Ç–∏–≤–Ω–æ!,3911142,5,0.0,0.0,0.0,1.0,0.0,0
73,–≤—Å–µ –≤–µ–∂–ª–∏–≤–æ –∏ –∏–Ω—Ñ–æ—Ä–º–∞—Ç–∏–≤–Ω–æ ‚ù§Ô∏è,3911182,5,1.0,0.0,1.0,0.0,1.0,0
74, –°–ø–∞—Å–∏–±–æ –≤–∞–º –∑–∞ –∑–∞–±–æ—Ç—É –æ –Ω–∞—Å –∏ –Ω–∞—à–µ–º –∑–¥–æ—Ä–æ–≤—å–µ.–≠–∫–æ–ª–æ–≥–∏—è -—ç—Ç–æ –∑–∞–º–µ—á–∞—Ç–µ–ª—å–Ω–æ,3911339,5,1.0,0.0,0.0,0.0,1.0,0
75,—Ä–∞–±–æ—Ç–∞ —Å–æ—Ç—Ä—É–¥–Ω–∏–∫–∞ –æ—Ñ–∏—Å–∞ –£–ö –ï–≤–≥–µ–Ω–∏–∏ –Ω–∞ 10+,3911355,5,0.0,0.0,1.0,0.0,0.0,0
76,—Å–ø–∞—Å–∏–±–æ –∑–∞ —Ä–∞–±–æ—Ç—É –≤—Å–µ –±—ã—Å—Ç—Ä–æ –∏ –∫–∞—á–µ—Å—Ç–≤–µ–Ω–Ω–æ. ,3911421,5,0.0,1.0,0.0,1.0,0.0,0
78,–°–ø–∞—Å–∏–±–æ –±–æ–ª—å—à–æ–µ! –ü—Ä–æ–±–ª–µ–º–∞ –±—ã–ª–∞ —Ä–µ—à–µ–Ω–∞ –æ—á–µ–Ω—å –±—ã—Å—Ç—Ä–æ!,3911514,5,0.0,0.0,0.0,1.0,0.0,0
80,–ú–µ–Ω–µ–¥–∂–µ—Ä—É –ù–∞—Ç–∞–ª—å–µ –∏ –¥–µ–∂—É—Ä–Ω–æ–≥–æ  —Å–∞–Ω—Ç–µ—Ö–Ω–∏–∫—É 09.09.2024  –±–æ–ª—å—à–∞—è –±–ª–∞–≥–æ–¥–∞—Ä–Ω–æ—Å—Ç—å  –∑–∞ –æ–ø–µ—Ä–∞—Ç–∏–≤–Ω–æ–µ —Ä–µ—à–µ–Ω–∏–µ –ø—Ä–æ–±–ª–µ–º—ã. ,3911553,5,0.0,0.0,1.0,0.0,0.0,0
81,–û—Ç–ª–∏—á–Ω–æ!!!,3911561,5,1.0,0.0,0.0,0.0,0.0,0
82,–°–ø–∞—Å–∏–±–æ! –æ–ø–µ—Ä–∞—Ç–∏–≤–Ω–æ –∏ –≤ –ø–æ–ª–Ω–æ–π –º–µ—Ä–µ –æ—Ç–≤–µ—Ç–∏–ª–∏ –Ω–∞ –º–æ–π –≤–æ–ø—Ä–æ—Å üëå,3911570,5,0.0,0.0,0.0,1.0,0.0,0
83,"–ë—ã—Å—Ç—Ä–æ, –∫–∞—á–µ—Å—Ç–≤–µ–Ω–Ω–æ —É—Å—Ç—Ä–∞–Ω–∏–ª –Ω–∞—à –∑–∞—Å–æ—Ä ",3911586,5,0.0,1.0,0.0,1.0,0.0,0
84,"–°–ø–∞—Å–∏–±–æ, –≤—Å–µ –∫–∞—á–µ—Å—Ç–≤–µ–Ω–Ω–æ –∏ –ø—Ä–æ—Ñ–µ—Å—Å–∏–æ–Ω–∞–ª—å–Ω–æ!",3911663,5,0.0,0.0,1.0,0.0,0.0,0
85,–ë—ã—Å—Ç—Ä–æ –∏ –∫–∞—á–µ—Å—Ç–≤–µ–Ω–Ω–æ. –°–ø–∞—Å–∏–±–æ!,3911763,5,0.0,1.0,0.0,1.0,0.0,0
86,"–æ—Ç–ª–∏—á–Ω–∞—è —Ñ—É–Ω–∫—Ü–∏—è, —Å–ø–∞—Å–∏–±–æ ",3911815,5,1.0,0.0,0.0,0.0,0.0,0
87,–°–ø–∞—Å–∏–±–æ –∑–∞ –≤—ã–ø–æ–ª–Ω–µ–Ω–Ω—É—é —Ä–∞–±–æ—Ç—É!,3911905,5,1.0,0.0,0.0,0.0,0.0,0
88,"–æ—á–µ–Ω—å –æ–ø–µ—Ä–∞—Ç–∏–≤–Ω–æ, –±–ª–∞–≥–æ–¥–∞—Ä—é",3911957,5,0.0,0.0,0.0,1.0,0.0,0
90,"—Å–ø–∞—Å–∏–±–æ –±–æ–ª—å—à–æ–µ!
",3911972,5,1.0,0.0,0.0,0.0,0.0,0
91,"–æ–ø–µ—Ä–∞—Ç–∏–≤–Ω–æ –∏ —á–µ—Ç–∫–æ. —Å–¥–µ–ª–∞–ª–∏ –∞–∫–∫—É—Ä–∞—Ç–Ω–æ, –ø—Ä–∏–±—Ä–∞–ª–∏—Å—å –ø–æ—Å–ª–µ —Ä–∞–±–æ—Ç—ã ",3911983,5,0.0,0.0,1.0,1.0,0.0,0
92,–°–ø–∞—Å–∏–±–æ –ê–ª–µ–∫—Å–∞–Ω–¥—Ä—É –∑–∞ –ø—Ä–æ—Ñ–µ—Å—Å–∏–æ–Ω–∞–ª–∏–∑–º –∏ –±—ã—Å—Ç—Ä—É—é —Ä–∞–±–æ—Ç—É. ,3912007,5,0.0,0.0,1.0,0.0,0.0,0
94,—Å–ø–∞—Å–∏–±–æ –±–æ–ª—å—à–æ–µ!!!ü§ó,3912041,5,1.0,0.0,0.0,0.0,0.0,0
95,"–≤—Å–µ –æ—Ç–ª–∏—á–Ω–æ, —Å–¥–µ–ª–∞–ª–∏ –±—ã—Å—Ç—Ä–æ –∏ –Ω–µ –¥–æ—Ä–æ–≥–æ",3912121,5,0.0,0.0,0.0,1.0,0.0,0
96,–°–ø–∞—Å–∏–±–æ –±–æ–ª—å—à–æ–µ –∑–∞ –æ–ø–µ—Ä–∞—Ç–∏–≤–Ω—ã–π –æ—Ç–≤–µ—Ç ,3912185,5,1.0,0.0,0.0,1.0,0.0,0
97,–°–ø–∞—Å–∏–±–æ –æ–≥—Ä–æ–º–Ω–æ–µ –º–µ–Ω–µ–¥–∂–µ—Ä—É –ø–æ —Å—Ç—Ä–∞—Ö–æ–≤–∞–Ω–∏—é –ï–≤–≥–µ–Ω–∏–∏ –ì—É—â–∏–Ω–æ–π –∑–∞ –ø–æ–º–æ—â—å –≤ –æ—Ñ–æ—Ä–º–ª–µ–Ω–∏–∏ —Å—Ç—Ä–∞—Ö–æ–≤–∫–∏!!!! –ù–∞—Å—Ç–æ—è—â–∏–π –ø—Ä–æ—Ñ–µ—Å—Å–∏–æ–Ω–∞–ª —Å–≤–æ–µ–≥–æ –¥–µ–ª–∞!!! –ò—Å—á–µ—Ä–ø—ã–≤–∞—é—â–µ –æ—Ç–≤–µ—Ç–∏–ª–∞ –Ω–∞ –≤—Å–µ –∏–Ω—Ç–µ—Ä–µ—Å—É—é—â–∏–µ –≤–æ–ø—Ä–æ—Å—ã!!!! ,3912199,5,0.0,0.0,1.0,0.0,0.0,0
99,"–û–ø–µ—Ä–∞—Ç–∏–≤–Ω–æ,–ø—Ä–æ—Ñ–µ—Å—Å–∏–æ–Ω–∞–ª—å–Ω–æ,—Å–ø–∞—Å–∏–±–æ",3912225,5,0.0,0.0,1.0,1.0,0.0,0
100,"–°–ø–µ—Ü–∏–∞–ª–∏—Å—Ç —Å–≤—è–∑—ã–≤–∞–ª—Å—è –ø–æ –∑–∞—è–≤–∫–µ, –≤—Å–µ –ø–æ—á–∏–Ω–∏–ª–∏! –°–ø–∞—Å–∏–±–æ ",3912227,5,1.0,0.0,1.0,0.0,0.0,0
500,"–í —Ç–µ—á–µ–Ω–∏–∏ 2 —á–∞—Å–æ–≤ –ø–æ—Å–ª–µ —Å–æ–∑–¥–∞–Ω–∏—è –∑–∞—è–≤–∫–∏ –≤—Å–µ —É—Å—Ç—Ä–∞–Ω–∏–ª–∏, —Å–ø–∞—Å–∏–±–æ",3912230,5,1.0,0.0,0.0,0.0,1.0,0
501,–†–µ–º–æ–Ω—Ç –≤—ã–ø–æ–ª–Ω–µ–Ω!,3912246,5,1.0,0.0,0.0,0.0,0.0,0
502,–ë—ã—Å—Ç—Ä–æ —Ä–µ—à–∏–ª–∏ –ø—Ä–æ–±–ª–µ–º—É! –°–ø–∞—Å–∏–±–æ!,3912277,5,0.0,0.0,0.0,1.0,0.0,0
505,"–†–∞–±–æ—Ç–∞ –º–∞—Å—Ç–µ—Ä–∞, –≤—ã–ø–æ–ª–Ω–µ–Ω–∞ –æ—Ç–ª–∏—á–Ω–æ! –ü—Ä–æ–±–ª–µ–º–∞ —Ä–µ—à–∏–ª–∞—Å—å —Ç–æ–ª—å–∫–æ –ø—Ä–∏ –ª–∏—á–Ω–æ–º –≤–∏–∑–∏—Ç–µ –≤ –£–ö",3912521,5,1.0,0.0,1.0,0.0,0.0,0
506,–ë–æ–ª—å—à–æ–µ —Å–ø–∞—Å–∏–±–æ –û–∫—Å–∞–Ω–µ –ü–µ—Ç—Ä–∏–Ω–æ–π! ,3912769,5,0.0,0.0,1.0,0.0,0.0,0
507,"–í—Å—ë –æ–ø–µ—Ä–∞—Ç–∏–≤–Ω–æ,—Å–ø–∞—Å–∏–±–æ!",3912975,5,0.0,0.0,0.0,1.0,0.0,0
508,–î–æ–±—Ä—ã–π –¥–µ–Ω—å! –°–ø–∞—Å–∏–±–æ. –í–æ–ø—Ä–æ—Å —Ä–µ—à–µ–Ω. ,3913158,5,1.0,0.0,0.0,0.0,1.0,0
509,–í—Å–µ –±—ã—Å—Ç—Ä–æ –∏ —á–µ—Ç–∫–æ!!! –°–ø–∞—Å–∏–±–æ!,3913176,5,0.0,0.0,0.0,1.0,1.0,0
510,–û—á–µ–Ω—å –æ—Ç–≤–µ—Ç—Å—Ç–≤–µ–Ω–Ω–∞—è –¥–µ–≤—É—à–∫–∞ –≤ –£–ö.,3913279,5,0.0,0.0,1.0,0.0,0.0,0
511,–æ—Ç–ª–∏—á–Ω–æ –≤—Å—ë —Ä–∞–±–æ—Ç–∞–µ—Ç ,3913316,5,1.0,0.0,0.0,0.0,0.0,0
512,"–ë–ª–∞–≥–æ–¥–∞—Ä–Ω–æ—Å—Ç—å –º–∞—Å—Ç–µ—Ä—É, —Å–¥–µ–ª–∞–ª –±—ã—Å—Ç—Ä–æ –∏ –∫–∞—á–µ—Å—Ç–≤–µ–Ω–Ω–æ. –ü—Ä–µ–º–∏—é –†–µ–Ω–∞—Ç—É. ü§ù",3913442,5,0.0,0.0,1.0,0.0,0.0,0
513,–ü—Ä–∏—à–ª–∏ –≤–æ–≤—Ä–µ–º—è) –∑–∞—Ä–∞–Ω–µ–µ –ø–æ–∑–≤–æ–Ω–∏–ª–∏ —É—Ç–æ—á–Ω–∏—Ç—å —É–¥–æ–±–Ω–æ–µ –≤—Ä–µ–º—è) –æ—Ç–ª–∏—á–Ω—ã–π –º–∞—Å—Ç–µ—Ä –≤—Å–µ —Å–¥–µ–ª–∞–ª –±—ã—Å—Ç—Ä–æ –∏ –∞–∫–∫—É—Ä–∞—Ç–Ω–æ) ,3913486,5,0.0,0.0,1.0,1.0,0.0,0
514,"–æ—Ç–ª–∏—á–Ω–æ, —Å–ø–∞—Å–∏–±–æ!
",3913490,5,1.0,0.0,0.0,0.0,0.0,0
515,"–í—Å–µ —á–µ—Ç–∫–æ –æ–±—ä—è—Å–Ω–∏–ª–∏, –≤–æ–ø—Ä–æ—Å–æ–≤ –Ω–µ –æ—Å—Ç–∞–ª–æ—Å—å",3913509,5,1.0,0.0,0.0,0.0,0.0,0
516,"–Ω—É –≤—Ä–æ–¥–µ, –ø–æ–ª—É—á—à–µ...
–°–ª–∞–≤–∞ –ë–æ–≥—É",3913566,5,1.0,0.0,0.0,0.0,0.0,0
518,"–ü—Ä–æ–±–ª–µ–º–∞ —Ä–µ—à–µ–Ω–∞, –±—ã—Å—Ç—Ä–æ –∏ –æ–ø–µ—Ä–∞—Ç–∏–≤–Ω–æ..",3913676,5,1.0,0.0,0.0,1.0,0.0,0
519,"–í—Å—ë –æ—Ç–ª–∏—á–Ω–æ, —Å–ø–∞—Å–∏–±–æ!",3913730,5,1.0,0.0,0.0,0.0,0.0,0
520,–û—á–µ–Ω—å –±—ã—Å—Ç—Ä–æ –∏ –≤–µ–∂–ª–∏–≤–æ)),3913971,5,0.0,0.0,0.0,1.0,0.0,0
521,–í—Ç–æ—Ä–æ–π —Å–ø–µ—Ü–∏–∞–ª–∏—Å—Ç –≤—Å–µ –æ—Ç–ª–∏—á–Ω–æ —Ä–µ—à–∏–ª. –°–ø–∞—Å–∏–±–æ.,3913976,5,0.0,0.0,1.0,0.0,0.0,0
523,–°–ø–∞—Å–∏–±–æ. ,3914082,5,1.0,0.0,0.0,0.0,0.0,0
524,–±–ª–∞–≥–∞–¥–∞—Ä—é —Å–ø–µ—Ü–∏–∞–ª–∏—Å—Ç–∞,3914097,5,0.0,0.0,1.0,0.0,0.0,0
525,"–û—á–µ–Ω—å –±—ã—Å—Ç—Ä–æ –∏ –∫–∞—á–µ—Å—Ç–≤–µ–Ω–Ω–æ, —Å–ø–∞—Å–∏–±–æ! ",3914189,5,0.0,1.0,0.0,1.0,0.0,0
527,–°–ø–∞—Å–∏–±–æ –ë–æ–ª—å—à–æ–µ! –í—Å—ë —Å–¥–µ–ª–∞–Ω–æ —Å—É–ø–µ—Ä!,3914351,5,1.0,0.0,0.0,0.0,1.0,0
528,–ö–æ–º–æ–¥ —É–±—Ä–∞–Ω. –ë–æ–ª—å—à–æ–µ —Å–ø–∞—Å–∏–±–æ –∑–∞ –æ–ø–µ—Ä–∞—Ç–∏–≤–Ω–æ–µ —Ä–µ—à–µ–Ω–∏–µ,3914367,5,0.0,0.0,0.0,1.0,1.0,0
529,–•–æ—á—É –≤—ã—Ä–∞–∑–∏—Ç—å –æ—Å–æ–±—É—é –±–ª–∞–≥–æ–¥–∞—Ä–Ω–æ—Å—Ç—å –¢–∞—Ç—å—è–Ω–µ –∑–∞ –ø—Ä–æ—è–≤–ª–µ–Ω–Ω—ã–π –∏–Ω—Ç–µ—Ä–µ—Å –∫ –º–æ–µ–º—É –≤–æ–ø—Ä–æ—Å—É!,3914531,5,0.0,0.0,1.0,0.0,0.0,0
530,–û—á–µ–Ω—å –±—ã—Å—Ç—Ä–æ –æ—Ç—Ä–µ–∞–≥–∏—Ä–æ–≤–∞–ª–∏ –∏ —É—Å—Ç—Ä–∞–Ω–∏–ª–∏ –ø—Ä–æ–±–ª–µ–º—É ,3914571,5,0.0,0.0,0.0,1.0,0.0,0
531,—Å–ø–∞—Å–∏–±–æ –±–æ–ª—å—à–æ–µ –∑–∞ –æ–ø–µ—Ä–∞—Ç–∏–≤–Ω–æ—Å—Ç—å))),3914595,5,0.0,0.0,0.0,1.0,0.0,0
532,–í–æ—Ç —Ç–µ–ø–µ—Ä—å –≤—Å–µ –¥–∞–Ω–Ω—ã–µ –ø—Ä–∞–≤–∏–ª—å–Ω–æ –≤–Ω–µ—Å–µ–Ω—ã. –°–ø–∞—Å–∏–±–æ.,3914622,5,1.0,0.0,0.0,0.0,0.0,0
534,–°–ø–∞—Å–∏–±–æ –∑–∞ –æ–ø–µ—Ä–∞—Ç–∏–≤–Ω—É—é –ø–æ–º–æ—â—å,3914767,5,0.0,0.0,0.0,1.0,0.0,0
535,–°–ø–∞—Å–∏–±–æ! –ö–ª—é—á–∏ —Ä–∞–±–æ—á–∏–µ,3914795,5,1.0,0.0,0.0,0.0,1.0,0
536,"–ö—Ä—É—Ç–æ , –±—ã—Å—Ç—Ä–æ ,—Å–ø–∞—Å–∏–±–æ ",3914807,5,0.0,0.0,0.0,1.0,0.0,0
537,"–±—ã—Å—Ç—Ä–æ, —ç—Ñ—Ñ–µ–∫—Ç–∏–≤–Ω–æ!",3914918,5,0.0,0.0,0.0,1.0,0.0,0
538,–í—Å–µ –æ—Ç–ª–∏—á–Ω–æ,3915041,5,1.0,0.0,0.0,0.0,0.0,0
539,–û—Ç–ª–∏—á–Ω—ã–π —Å–∞–Ω—Ç–µ—Ö–Ω–∏–∫!,3915053,5,0.0,0.0,1.0,0.0,0.0,0
540,–°–ø–∞—Å–∏–±–æ!!!,3915108,5,1.0,0.0,0.0,0.0,0.0,0
541,–æ—á–µ–Ω—å –æ–ø–µ—Ä–∞—Ç–∏–≤–Ω–æ. —Å–ø–∞—Å–∏–±–æ ,3915266,5,0.0,0.0,0.0,1.0,0.0,0
542,–ö–∞–∫ –æ–ø–µ—Ä–∞—Ç–∏–≤–Ω–æ! –ë–ª–∞–≥–æ–¥–∞—Ä—é!,3915342,5,0.0,0.0,0.0,1.0,0.0,0
543,–ë–ª–∞–≥–æ–¥–∞—Ä—é –∑–∞ –æ–ø–µ—Ä–∞—Ç–∏–≤–Ω–æ—Å—Ç—å ,3915523,5,0.0,0.0,0.0,1.0,0.0,0
544,–ë—ã—Å—Ç—Ä–æ —Å—Ä–µ–∞–≥–∏—Ä–æ–≤–∞–ª–∏ –∏ —Ä–µ—à–∏–ª–∏ –ø—Ä–æ–±–ª–µ–º—É. –°–ø–∞—Å–∏–±–æ!,3915543,5,1.0,0.0,0.0,1.0,0.0,0
545,–ë—ã—Å—Ç—Ä–æ —Å–¥–µ–ª–∞–ª–∏.,3915644,5,0.0,0.0,0.0,1.0,0.0,0
548,–î–æ–±—Ä—ã–π –¥–µ–Ω—å! –í–æ–ø—Ä–æ—Å —Ä–µ—à–µ–Ω –æ—á–µ–Ω—å –±—ã—Å—Ç—Ä–æ! –ë–ª–∞–≥–æ–¥–∞—Ä—é –∑–∞ —Ä–∞–±–æ—Ç—É –∏ –æ–ø–µ—Ä–∞—Ç–∏–≤–Ω–æ—Å—Ç—å),3916307,5,0.0,0.0,1.0,1.0,0.0,0
551,"–≤—Å–µ —Ö–æ—Ä–æ—à–æ, –æ—á–µ–Ω—å –¥–æ—Å—Ç—É–ø–Ω–æ –≤—Å–µ –æ–±—ä—è—Å–Ω–∏–ª–∏",3916394,5,0.0,0.0,0.0,0.0,0.0,1
555,–ú–∞—Å—Ç–µ—Ä –Ω–∞ –≤—Å–µ —Ä—É–∫–∏! –°–ø–∞—Å–∏–±–æ –±–æ–ª—å—à–æ–µ üëçüëçüëç,3916525,5,0.0,0.0,1.0,0.0,0.0,0
556,–û–ø–µ—Ä–∞—Ç–∏–≤–Ω–æ,3916678,5,0.0,0.0,0.0,1.0,0.0,0
557,–û—Ç–ª–∏—á–Ω—ã–π –º–∞—Å—Ç–µ—Ä,3916720,5,0.0,0.0,1.0,0.0,0.0,0
558,"–¥–∞,  —Å–ø–∞—Å–∏–±–æ. –ø–æ–∫–∞ –Ω–µ —Å–ª–æ–º–∞–ª–∏)",3916845,5,1.0,0.0,0.0,0.0,0.0,0
559,–û–ø–µ—Ä–∞—Ç–∏–≤–Ω–∞—è —Ä–∞–±–æ—Ç–∞üëç,3917076,5,0.0,0.0,0.0,1.0,0.0,0
561,–≤—Å–µ –æ—á–µ–Ω—å –±—ã—Å—Ç—Ä–æ –∏ –∫–∞—á–µ—Å—Ç–≤–µ–Ω–Ω–æ —Å–¥–µ–ª–∞–ª —Å–∞–Ω—Ç–µ—Ö–Ω–∏–∫ –°–µ—Ä–≥–µ–π!,3917220,5,0.0,1.0,1.0,1.0,0.0,0
563,–°–ø–∞—Å–∏–±–æ –æ–≥—Ä–æ–º–Ω–æ–µ ü´∂üèº,3917341,5,1.0,0.0,0.0,0.0,0.0,0
564,"–ë–æ–ª—å—à–æ–µ —Å–ø–∞—Å–∏–±–æ, –æ—á–µ–Ω—å –≤–Ω–∏–º–∞—Ç–µ–ª—å–Ω–æ –∏ –∫–ª–∏–µ–Ω—Ç–æ–æ—Ä–∏–µ–Ω—Ç–∏—Ä–æ–≤–∞–Ω–Ω–æ—Å—Ç—å –Ω–∞ –≤—ã—Å—à–µ–º —É—Ä–æ–≤–Ω–µ ",3917445,5,1.0,0.0,0.0,0.0,1.0,0
565,–°–ø–∞—Å–∏–±–æ –±–æ–ª—å—à–æ–µ –∑–∞ –æ–ø–µ—Ä–∞—Ç–∏–≤–Ω–æ–µ —Ä–µ—à–µ–Ω–∏–µ,3917598,5,0.0,0.0,0.0,1.0,0.0,0
566,–û—Ç–ª–∏—á–Ω–æ–µ –æ–±—Å–ª—É–∂–∏–≤–∞–Ω–∏–µ.,3917634,5,0.0,0.0,0.0,0.0,1.0,0
567,–í—Å—ë —Ä–µ—à–∏–ª–∏ ,3917644,5,1.0,0.0,0.0,0.0,0.0,0
568,"—Å–ø–∞—Å–∏–±–æ –∑–∞ –æ–ø–µ—Ä–∞—Ç–∏–≤–Ω–æ—Å—Ç—å
",3918105,5,0.0,0.0,0.0,1.0,0.0,0
569,"–ë—ã—Å—Ç—Ä–æ –≤—ã—è–≤–∏–ª–∏ –æ—à–∏–±–∫—É –≤ –ø–æ–∫–∞–∑–∞–Ω–∏—è—Ö, –∏ –Ω–µ —Å—Ç–∞–ª–∞ –¥–µ–ª–∞—Ç—å –≤ —É–±—ã—Ç–æ–∫ –º–Ω–µ . –ü–æ–∑–≤–æ–Ω–∏–ª–∞ –º–Ω–µ , —É—Ç–æ—á–Ω–∏–ª–∞ –∏ —Ä–µ—à–∏–ª–∞ –≤—Å—ë. –û–≥—Ä–æ–º–Ω–æ–µ —Å–ø–∞—Å–∏–±–æ –í–∞–º . ‚úàÔ∏è –º–µ–Ω—è–µ—Ç—Å—è –≤ –ª—É—á—à—É—é —Å—Ç–æ—Ä–æ–Ω—É ",3918118,5,0.0,1.0,1.0,0.0,0.0,0
571,–ö–ª—é—á–∏ —Ä–∞–±–æ—Ç–∞—é—Ç. ,3918621,5,1.0,0.0,0.0,0.0,0.0,0
572,"–°–ø–∞—Å–∏–±–æ –±–æ–ª—å—à–æ–µ!
–í—ã–ø–æ–ª–Ω–∏–ª–∏ —Ä–∞–±–æ—Ç—É –±—ã—Å—Ç—Ä–æ –∏ –∞–∫–∫—É—Ä–∞—Ç–Ω–æ!",3918647,5,0.0,0.0,0.0,1.0,1.0,0
573,"–í—Å–µ –±—ã—Å—Ç—Ä–æ, –∫–∞—á–µ—Å—Ç–≤–µ–Ω–Ω–æ, –∫–∞–∫ –¥–æ–≥–æ–≤–æ—Ä–∏–ª–∏—Å—å. –°–ø–∞—Å–∏–±–æ.",3918748,5,0.0,1.0,0.0,1.0,0.0,0
574,–í—Å—ë –æ—Ç–ª–∏—á–Ω–æ! –°–ø–∞—Å–∏–±–æ –±–æ–ª—å—à–æ–µ!,3918861,5,1.0,0.0,0.0,0.0,0.0,0
575,–°–∞–º—ã–π –≤–µ–∂–ª–∏–≤—ã–π —Ä–∞–±–æ—Ç–Ω–∏–∫ ,3919084,5,0.0,0.0,1.0,0.0,0.0,0
576,–ß–µ—Ç–∫–æ –∏ —è –æ–ø–µ—Ä–∞—Ç–∏–≤–Ω–æ,3919087,5,0.0,0.0,0.0,1.0,1.0,0
577,–û—á–µ–Ω—å –±—ã—Å—Ç—Ä–æ!,3919096,5,0.0,0.0,0.0,1.0,0.0,0
578,–°–ø–∞—Å–∏–±–æ –∑–∞ –≤—ã–ø–∏—Å–∫–∏. –°—á–µ—Ç –Ω–∞ —ç—Ç—É —Å—É–º–º—É –∫–æ–≥–¥–∞ –ø–æ–¥–∫—Ä–µ–ø—è—Ç –≤ –ø—Ä–∏–ª–æ–∂–µ–Ω–∏–µ?,3919099,5,0.0,0.0,0.0,0.0,0.0,1
580,"–î–æ—Å—Ç–∞—Ç–æ—á–Ω–æ –±—ã—Å—Ç—Ä–æ, —Å–ø–∞—Å–∏–±–æ !",3919231,5,0.0,0.0,0.0,1.0,0.0,0
581,"–æ–ø–µ—Ä–∞—Ç–∏–≤–Ω–æ —É—Å—Ç—Ä–∞–Ω–∏–ª–∏, –¥–∞–ª–∏ –∫–æ–Ω—Å—É–ª—å—Ç–∞—Ü–∏—é ",3919253,5,0.0,0.0,0.0,1.0,0.0,0
582,—Å–ø–∞—Å–∏–±–æ –æ–≥—Ä–æ–º–Ω–æ–µ —Å–ø–µ—Ü–∏–∞–ª–∏—Å—Ç—É –∑–∞ –æ–ø–µ—Ä–∞—Ç–∏–≤–Ω–æ—Å—Ç—å –∏ –ø—Ä–æ—Ñ–µ—Å—Å–∏–æ–Ω–∞–ª–∏–∑–º. ,3919349,5,0.0,1.0,0.0,1.0,0.0,0
583,"–ù–∞–ø–æ—Ä —Å—Ç–∞–ª —Ö–æ—Ä–æ—à–∏–º,  —Å–ø–∞—Å–∏–±–æ ",3919367,5,1.0,0.0,0.0,0.0,0.0,0
585,–ë–ª–∞–≥–æ–¥–∞—Ä—é –∑–∞ –∫–∞—á–µ—Å—Ç–≤–µ–Ω–Ω—É—é –∏ –æ–ø–µ—Ä–∞—Ç–∏–≤–Ω—É—é —Ä–∞–±–æ—Ç—É —Å–æ—Ç—Ä—É–¥–Ω–∏–∫–æ–≤ –£–ö! –° –Ω–∞–∏–ª—É—á—à–∏–º–∏ –ø–æ–∂–µ–ª–∞–Ω–∏—è–º–∏ –∫ –í–∞–º!üôåüèª,3919407,5,0.0,1.0,0.0,1.0,0.0,0
586,–í—Å–µ –æ—Ç–ª–∏—á–Ω–æ! –°–ø–∞—Å–∏–±–æ –∑–∞ –±—ã—Å—Ç—Ä–æ–µ —É—Å—Ç—Ä–∞–Ω–µ–Ω–∏–µ –ø—Ä–æ–±–ª–µ–º—ã),3919607,5,0.0,0.0,0.0,1.0,0.0,0
588,"–û–ø–µ—Ä–∞—Ç–∏–≤–Ω–æ —Å—Ä–µ–∞–≥–∏—Ä–æ–≤–∞–ª–∏, –ø—Ä–∏—à–ª–æ –±–æ–ª—å—à–æ–µ –∫–æ–ª–∏—á–µ—Å—Ç–≤–æ —Å—Ç—Ä–æ–∏—Ç–µ–ª–µ–π –∏ –ø–æ–º–æ–≥–ª–∏ —É–±—Ä–∞—Ç—å –≤—Å—é –≤–æ–¥—É. ",3919776,5,0.0,0.0,1.0,1.0,0.0,0
590,–í–∏—Ç–∞–ª–∏–∫ –º–æ–ª–æ–¥–µ—Ü. ,3919877,5,0.0,0.0,1.0,0.0,0.0,0
591,"–°–ø–∞—Å–∏–±–æ –±–æ–ª—å—à–æ–µ, —á—Ç–æ –≤—Å–µ –±—ã—Å—Ç—Ä–æ –ø–æ—á–∏–Ω–∏–ª–∏!!! –°–ø–∞—Å–∏–±–æ –∑–∞ —Ö–æ—Ä–æ—à—É—é —Ä–∞–±–æ—Ç—É!",3920112,5,0.0,0.0,1.0,1.0,0.0,0
592,"–ë—ã–ª–∞ –ø—Ä–æ—Ç–µ—á–∫–∞ —Å–º–µ—Å–∏—Ç–µ–ª—è –≤ –≤–∞–Ω–Ω–æ–π, –º–∞—Å—Ç–µ—Ä –ø—Ä–∏—à–µ–ª –≤ —Ç–µ—á–µ–Ω–∏–∏ –ø–æ–ª—É —á–∞—Å–∞, –ø–æ–º–µ–Ω—è–ª –ø—Ä–æ–∫–ª–∞–¥–∫–∏. –í–æ–ø—Ä–æ—Å —Ä–µ—à–µ–Ω.",3920141,5,1.0,0.0,1.0,1.0,0.0,0
593,–°–∞–º—ã–π –ª—É—á—à–∏–π –∫–ª–∏–µ–Ω—Ç—Å–∫–∏–π –º–µ–Ω–µ–¥–∂–µ—Ä!!! –í—Å–µ–≥–¥–∞ –∏–¥–µ–∞–ª—å–Ω–æ —Ä–µ—à–∞–µ—Ç –≤—Å–µ –≤–æ–ø—Ä–æ—Å—ã!!!,3920353,5,0.0,0.0,1.0,0.0,0.0,0
594,–ë—ã—Å—Ç—Ä–æ —É—Å—Ç—Ä–∞–Ω–∏–ª–∏ –ø—Ä–æ–±–ª–µ–º—É ,3920384,5,0.0,0.0,0.0,1.0,0.0,0
595,–∑–∞—è–≤–∫–∞ –≤—ã–ø–æ–ª–Ω–µ–Ω–∞ –º–≥–Ω–æ–≤–µ–Ω–Ω–æ üëç,3920419,5,0.0,0.0,0.0,1.0,0.0,0
596,–°–ø–∞—Å–∏–±–æ –¢–∞—Ç—å—è–Ω–µ!) –ë—ã—Å—Ç—Ä–æ –∏ –ø–æ–Ω—è—Ç–Ω–æ –≤—Å–µ –æ–±—ä—è—Å–Ω–∏–ª–∞!),3920519,5,0.0,0.0,1.0,0.0,0.0,0
598,–ë—ã—Å—Ç—Ä–∞—è —Ä–µ–∞–∫—Ü–∏—è –Ω–∞ –æ–±—Ä–∞—â–µ–Ω–∏–µ. –ù–∞ –¥–∞–Ω–Ω—ã–π –º–æ–º–µ–Ω—Ç –ø—Ä–æ—Ç–µ—á–µ–∫ –Ω–µ—Ç.,3920546,5,0.0,0.0,0.0,1.0,0.0,0
599,–±–ª–∞–≥–æ–¥–∞—Ä—é!,3920561,5,1.0,0.0,0.0,0.0,0.0,0
600,–°–ø–∞—Å–∏–±–æ –±–æ–ª—å—à–æ–µ,3920710,5,1.0,0.0,0.0,0.0,0.0,0
602,"–í–æ–ø—Ä–æ—Å –±—ã–ª —Ä–µ—à–µ–Ω –æ–ø–µ—Ä–∞—Ç–∏–≤–Ω–æ . –°–ø–∞—Å–∏–±–æ –∫–∞–∫ —Å–∞–Ω—Ç–µ—Ö–Ω–∏–∫—É , —Ç–∞–∫ –∏ –º–µ–Ω–µ–¥–∂–µ—Ä—É . –ö —Å–æ–∂–∞–ª–µ–Ω–∏—é –Ω–µ —Å–ø—Ä–æ—Å–∏–ª–∞ –∏–º–µ–Ω–∞ . ",3920898,5,0.0,0.0,1.0,1.0,1.0,0
603,–í—ã–ø–æ–ª–Ω–µ–Ω–æ –±—ã—Å—Ç—Ä–æ –∏ –∫–∞—á–µ—Å—Ç–≤–µ–Ω–Ω–æ.  –ü–æ—á–∏–Ω–∏–ª–∏ –ø–µ—Ä–∏–ª–∞. ,3920982,5,0.0,1.0,0.0,1.0,0.0,0
604,–°–ø–∞—Å–∏–±–æ –∑–∞ –æ–ø–µ—Ä–∞—Ç–∏–≤–Ω–æ –æ—Ç—Ä–∞–±–æ—Ç–∞–Ω–Ω—É—é –∑–∞—è–≤–∫—É,3921006,5,0.0,0.0,0.0,1.0,0.0,0
605,–û—á–µ–Ω—å –≥—Ä–∞–º–æ—Ç–Ω—ã–π —Å–ø–µ—Ü–∏–∞–ª–∏—Å—Ç. –£—Å—Ç—Ä–∞–Ω–∏–ª –º–æ–º–µ–Ω—Ç–∞–ª—å–Ω–æ.,3921008,5,0.0,0.0,1.0,0.0,0.0,0
606,–°–ø–∞—Å–∏–±–æ –∑–∞ –æ–ø–µ—Ä–∞—Ç–∏–≤–Ω—É—é —É–±–æ—Ä–∫—É! ,3921012,5,0.0,0.0,0.0,1.0,0.0,0
608,"–ü—Ä–æ–±–ª–µ–º–∞ —Ä–µ—à–µ–Ω–∞ —Å –¥–≤–µ—Ä—å—é,–≤–∑–∞–∏–º–æ–¥–µ–π—Å—Ç–≤–∏–µ —Å –æ–≤–¥ –∏–≥–Ω–æ—Ä–∏—Ä–æ–≤–∞–Ω–æ.",3921069,5,0.0,0.0,0.0,0.0,0.0,1
609,"—Å–ø–∞—Å–∏–±–æ –±–æ–ª—å—à–æ–µ, –æ—á–µ–Ω—å –±—ã—Å—Ç—Ä–æ –∏ –æ–ø–µ—Ä–∞—Ç–∏–≤–Ω–æ ,–º–∞—Å—Ç–µ—Ä –∫–ª–∞—Å—Å–Ω—ã–π , –æ—Ç–ª–∏—á–Ω–æ –∑–Ω–∞–µ—Ç —Å–≤–æ—é —Ä–∞–±–æ—Ç—É",3921087,5,0.0,0.0,1.0,1.0,0.0,0
611,"–±—ã–ª–æ –±—ã 5 –∑–≤–µ–∑–¥, –Ω–æ –ø—Ä–∏—à–ª–æ—Å—å –¥–µ–π—Å—Ç–≤–æ–≤–∞—Ç—å —á–µ—Ä–µ–∑ —Ä—É–∫–æ–≤–æ–¥—Å—Ç–≤–æ, –ø–æ—ç—Ç–æ–º—É —á–µ—Ç—ã—Ä–µ. ",3921135,4,1.0,0.0,0.0,0.0,0.0,0
612,—Å–∞–Ω—Ç–µ—Ö–Ω–∏–∫ –ø—Ä–∏—à–µ–ª –≤ —Ç–µ—á–µ–Ω–∏–µ 20 –º–∏–Ω—É—Ç. –≤–µ–∂–ª–∏–≤—ã–π. –ø—Ä–æ–±–ª–µ–º—É —Ä–∞–∑—Ä–µ—à–∏–ª .,3921169,5,1.0,0.0,0.0,1.0,0.0,0
613,–õ—É—á—à–∏–π!,3921214,5,0.0,0.0,0.0,0.0,0.0,1
614,—Å–ø–∞—Å–∏–±–æ —Å–µ–≥–æ–¥–Ω—è –≤–æ–∑–≤—Ä–∞—â–∞–ª—Å—è –¥–æ–º–æ–π –∏ –∑–∞–ø–∞—Ö–∞ –Ω–µ –ø–æ—á—É–≤—Å—Ç–≤–æ–≤–∞–ª,3921394,5,1.0,0.0,0.0,0.0,1.0,0
615,–≠–ª–µ–∫—Ç—Ä–∏–∫ –ø—Ä–∏–±–µ–∂–∞–ª –æ–ø–µ—Ä–∞—Ç–∏–≤–Ω–æ –∏ –æ—Ç–∫–ª—é—á–∏–ª —Å–∏–≥–Ω–∞–ª –ø–æ–∂–∞—Ä–Ω–æ–π —Ç—Ä–µ–≤–æ–≥–∏. ,3921414,5,0.0,0.0,1.0,0.0,0.0,0
616,–ë–æ–ª—å—à–æ–µ —Å–ø–∞—Å–∏–±–æ! –û—á–µ–Ω—å –æ–ø–µ—Ä–∞—Ç–∏–≤–Ω–æ üëçüèªüíï,3921572,5,0.0,0.0,0.0,1.0,0.0,0
617,–í—Å–µ –±—ã—Å—Ç—Ä–æ –∏ –æ–ø–µ—Ä–∞—Ç–∏–≤–Ω–æ. –°–ø–∞—Å–∏–±–æ ,3921610,5,0.0,0.0,0.0,1.0,0.0,0
618,–ë–ª–∞–≥–æ–¥–∞—Ä—é! ,3921711,5,1.0,0.0,0.0,0.0,0.0,0
620,"–ü—Ä–æ–±–ª–µ–º—É —É—Å—Ç—Ä–∞–Ω–∏–ª–∏, –Ω–æ –Ω–µ —Å–æ–æ–±—â–∏–ª–∏ –ø–æ –∑–∞–ø—Ä–æ—Å—É, —Å–∫–æ–ª—å–∫–æ –ø–æ—Ç—Ä–µ–±—É–µ—Ç—Å—è –≤—Ä–µ–º–µ–Ω–∏ –Ω–∞ –µ—ë —Ä–µ—à–µ–Ω–∏–µ",3921850,4,1.0,0.0,0.0,0.0,0.0,0
621,–°–ø–∞—Å–∏–±–æ –∑–∞ –ø—Ä—è–º—É—é —Å–≤—è–∑—å —Å–æ —Å–ø–µ—Ü–∏–∞–ª–∏—Å—Ç–æ–º –∫–æ—Ç–æ—Ä—ã–π —Å–º–æ–≥ —É—Å—Ç—Ä–∞–Ω–∏—Ç—å –Ω–µ–∏—Å–ø—Ä–∞–≤–Ω–æ—Å—Ç—å!,3921888,5,1.0,0.0,0.0,0.0,0.0,0
622,"–ø—Ä–æ–±–ª–µ–º–∞ —Ä–µ—à–µ–Ω–∞, —Ç–µ–ø–µ—Ä—å –≤—Å—ë —Ä–∞–±–æ—Ç–∞–µ—Ç –∫–∞–∫ –Ω–∞–¥–æ",3921907,5,1.0,0.0,0.0,0.0,0.0,0
623,"—Å–ø–∞—Å–∏–±–æ ü§ó 
",3921924,5,1.0,0.0,0.0,0.0,0.0,0
624,"–¥–Ω—ë–º –∑–≤–æ–Ω–∏–ª–∏ –±—ã–ª –∑–∞–Ω—è—Ç –∑–∞ —Ä—É–ª—ë–º –∏–∑–≤–∏–Ω–∏—Ç–µ,,,, –≤–µ—á–µ—Ä–æ–º –ø—Ä–∏—à–ª–∏ –¥–æ–º–æ–π –≤—Å—ë –ø–µ—Ä–µ—Å–º–æ—Ç—Ä–µ–ª–∏ –ø—Ä–æ–≤–µ—Ä–∏–ª–∏ –≤–∞—à—É –∏–Ω—Ñ–æ—Ä–º–∞—Ü–∏—é —Å–ø–∞—Å–∏–±–æ –Ω–∞–º –≤—Å—ë –ø–æ–Ω—è—Ç–Ω–æ –≤—Å—ë –Ω–∞ –∫–∞–∂–¥—ã–π –≤–æ–ø—Ä–æ—Å –í—ã –æ—Ç–≤–µ—Ç–∏–ª–∏!!! —Å–ø–∞—Å–∏–±–æ –í–∞–º –±–æ–ª—å—à–æ–µ.!!!",3922048,5,1.0,1.0,0.0,0.0,0.0,0
625,–ë–æ–ª—å—à–æ–µ —Å–ø–∞—Å–∏–±–æ. –í—Å–µ –Ω–æ—Ä–º–∞–ª—å–Ω–æ —Ä–∞–±–æ—Ç–∞–µ—Ç.,3922180,5,1.0,0.0,0.0,0.0,0.0,0
626,–û—á–µ–Ω—å –æ–ø–µ—Ä–∞—Ç–∏–≤–Ω–æ! –≤—Å√´ –∏—Å–ø—Ä–∞–≤–∏–ª–∏,3922350,5,0.0,0.0,0.0,1.0,0.0,0
627,"–ë—ã—Å—Ç—Ä–æ, –∫–∞—á–µ—Å—Ç–≤–µ–Ω–æ –∏ –æ–ø–µ—Ä–∞—Ç–∏–≤–Ω–æ. ",3922395,5,0.0,1.0,0.0,1.0,0.0,0
628,"–û—Ç–∑–≤–æ–Ω–∏–ª–∏—Å—å, –∑–∞—Ñ–∏–∫—Å–∏—Ä–æ–≤–∞–ª–∏, –¥–µ–∂—É—Ä–Ω—ã–π —ç–ª–µ–∫—Ç—Ä–∏–∫ –º–æ–ª–æ–¥–µ—Ü üëèüèª ",3922415,5,0.0,0.0,1.0,0.0,0.0,0
630,–≤—Å—ë –æ—á–µ–Ω—å –±—ã—Å—Ç—Ä–æ —Å–¥–µ–ª–∞–ª–∏ ,3922505,5,0.0,0.0,0.0,1.0,0.0,0
631,—Å–ø–∞—Å–∏–±–æ –æ–≥—Ä–æ–º–Ω–æ–µ –∑–∞ –±—ã—Å—Ç—Ä–æ–µ —Ä–µ—à–µ–Ω–∏–µ –º–æ–µ–π –∑–∞—è–≤–∫–∏! üëç,3922516,5,0.0,0.0,0.0,1.0,0.0,0
632,"–≠–ª–µ–∫—Ç—Ä–∏–∫ –ø—Ä–∏—à–µ–ª, –≤—Å–µ –ø—Ä–æ–≤–µ—Ä–∏–ª –∏ –Ω–∞–º –æ–±—ä—è—Å–Ω–∏–ª –≤—Å–µ. –°–ø–∞—Å–∏–±–æ –±–æ–ª—å—à–æ–µ! ",3922726,5,0.0,0.0,1.0,0.0,1.0,0
633,"–¢–æ–ª—å–∫–æ –ø–æ–ª–æ–∂–∏—Ç–µ–ª—å–Ω—ã–µ —ç–º–æ—Ü–∏–∏,—Å–ø–µ—Ü–∏–∞–ª–∏—Å—Ç –æ—á–µ–Ω—å –æ—Ç–≤–µ—Ç—Å—Ç–≤–µ–Ω–Ω—ã–π,–æ–≥—Ä–æ–º–Ω–∞—è –±–ª–∞–≥–æ–¥–∞—Ä–Ω–æ—Å—Ç—å!",3922770,5,0.0,0.0,1.0,0.0,0.0,0
634,–û—Ç–∫—É—Å–∏–ª–∏ –∫–æ–Ω–µ—Ü —Å–≥–æ—Ä–µ–≤—à–µ–≥–æ –ù–æ–ª—è. –ó–∞–º–µ–Ω–∏–ª–∏ –ª–µ–≤—ã–π –∞–≤—Ç–æ–º–∞—Ç. –ë—É–¥–µ–º –Ω–∞–±–ª—é–¥–∞—Ç—å –¥–∞–ª–µ–µ.,3922826,5,1.0,0.0,0.0,0.0,0.0,0
635,–ú–∞—Å—Ç–µ—Ä—É –ê–ª–µ–∫—Å–∞–Ω–¥—Ä—É —Å–ø–∞—Å–∏–±–æ –±–æ–ª—å—à–æ–µ! ,3922849,5,0.0,0.0,1.0,0.0,0.0,0
636,"–í–µ–∂–ª–∏–≤—ã–µ, –¥–æ–±—Ä–æ–∂–µ–ª–∞—Ç–µ–ª—å–Ω—ã–µ. –†–∞–∑—ä—è—Å–Ω–∏–ª–∏, –ø–æ–¥—Å–∫–∞–∑–∞–ª–∏.",3922963,5,0.0,0.0,1.0,0.0,0.0,0
637,–•–æ—Ä–æ—à–∞—è –¥–µ–≤—É—à–∫–∞ –º–µ–Ω–µ–¥–∂–µ—Ä ! –û—á–µ–Ω—å –ø–æ–Ω—è—Ç–ª–∏–≤–∞—è –∏ –Ω–∞ 100% –≤–æ—à–ª–∞ –≤ –ø–æ–ª–æ–∂–µ–Ω–∏–µ –≤—Å–µ—Ö –∂–∏—Ç–µ–ª–µ–π –∏ –¥–æ–Ω–µ—Å–ª–∞ —ç—Ç–æ –¥–æ —Ä—É–∫–æ–≤–æ–¥—Å—Ç–≤–∞ ! –ë–ª–∞–≥–æ–¥–∞—Ä—é –µ—ë! ,3923000,5,0.0,0.0,1.0,0.0,0.0,0
638,–°–ø–∞—Å–∏–±–æ –±–æ–ª—å—à–æ–µ –∑–∞ –æ–ø–µ—Ä–∞—Ç–∏–≤–Ω–æ—Å—Ç—å! –•–æ—Ä–æ—à–µ–≥–æ –¥–Ω—è –≤–∞–º! ,3923075,5,0.0,0.0,0.0,1.0,0.0,0
639,–í—Å–µ —Ö–æ—Ä–æ—à–æ !  –ë—ã—Å—Ç—Ä–æ –ø—Ä–∏—à–µ–ª –º–∞—Å—Ç–µ—Ä —Å–¥–µ–ª–∞–ª –≤—Å–µ —á–µ—Ç–∫–æ . ,3923181,5,0.0,0.0,1.0,1.0,0.0,0
640,"–°–∞–º–æ–µ –≥–ª–∞–≤–Ω–æ–µ,–æ–ø–µ—Ä–∞—Ç–∏–≤–Ω–æ.",3923198,5,0.0,0.0,0.0,1.0,0.0,0
641,–ø—Ä–µ–∫—Ä–∞—Å–Ω—ã–π –º–∞—Å—Ç–µ—Ä ,3923385,5,0.0,0.0,1.0,0.0,0.0,0
642,"–°–µ—Ä–≥–µ–π –ê–Ω–∞—Ç–æ–ª—å–µ–≤–∏—á, –º–∞—Å—Ç–µ—Ä —Å–≤–æ–µ–≥–æ –¥–µ–ª–∞. –í—ã–ø–æ–ª–Ω–∏–ª —Ä–∞–±–æ—Ç—É –±—ã—Å—Ç—Ä–æ –∏ –∫–∞—á–µ—Å—Ç–≤–µ–Ω–Ω–æ, —Å–ø–∞—Å–∏–±–æ.",3923395,5,0.0,0.0,1.0,0.0,0.0,0
643,"–û—Ç–ª–∏—á–Ω—ã–π —Å–ø–µ—Ü–∏–∞–ª–∏—Å—Ç, –≤–æ–ø—Ä–æ—Å —Ä–µ—à–µ–Ω. –°–ø–∞—Å–∏–±–æ.",3923512,5,1.0,0.0,0.0,0.0,0.0,0
644,—É—Å—Ç—Ä–∞–Ω–∏–ª–∏ –Ω–µ–ø–æ–ª–∞–¥–∫—É –æ—á–µ–Ω—å –æ–ø–µ—Ä–∞—Ç–∏–≤–Ω–æ –∏ –∫–∞—á–µ—Å—Ç–≤–µ–Ω–Ω–æ. –±–æ–ª—å—à–æ–µ —Å–ø–∞—Å–∏–±–æ. ,3923554,5,0.0,1.0,0.0,1.0,0.0,0
645,"–°–¥–µ–ª–∞–ª–∏ –ø–æ—Å–ª–µ —Ç–æ–≥–æ,–∫–∞–∫ –Ω–∞–ø–∏—Å–∞–ª–∏ –≤ –Ω–∞—à –≥–æ—Ä–æ–¥ –∑–∞—è–≤–∫–∏ —Å–æ—Å–µ–¥–∏ ",3923598,1,0.0,0.0,0.0,0.0,0.0,1
646,"–û–ø–µ—Ä–∞—Ç–∏–≤–Ω–æ –∏ –±—ã—Å—Ç—Ä–æ,—Å–ø–∞—Å–∏–±–æ –°–µ—Ä–≥–µ—é!",3923670,5,0.0,0.0,1.0,1.0,0.0,0
648,—Å–ø–∞—Å–∏–±–æ) –≤—ã –∫–ª–∞—Å—Å–Ω—ã–µ ü•∞,3923717,5,1.0,0.0,0.0,0.0,0.0,0
649,–°–ø–∞—Å–∏–±–æ –±–æ–ª—å—à–æ–µ üåπ,3923812,5,1.0,0.0,0.0,0.0,0.0,0
650,–≤ –ª—É—á—à–µ–º –≤–∏–¥–µ ,3923890,5,0.0,1.0,0.0,0.0,0.0,0
653,"–ë–ª–∞–≥–æ–¥–∞—Ä—é –∑–∞ –æ–ø–µ—Ä–∞—Ç–∏–≤–Ω–æ–µ —É—Å—Ç—Ä–∞–Ω–µ–Ω–∏–µ –ø—Ä–æ–±–ª–µ–º—ã! –û—Ç–¥–µ–ª—å–Ω–∞—è –±–ª–∞–≥–æ–¥–∞—Ä–Ω–æ—Å—Ç—å –º–∞—Å—Ç–µ—Ä—É –∑–∞ –ø–æ–¥—Ä–æ–±–Ω–æ–µ —Ä–∞–∑—ä—è—Å–Ω–µ–Ω–∏–µ –æ –ø—Ä–∏—á–∏–Ω–∞—Ö –æ—Ç—Å—É—Ç—Å—Ç–≤–∏—è –≥–æ—Ä—è—á–µ–π–≤–æ–¥—ã, –ø—Ä–∏—è—Ç–Ω–æ–µ –æ–±—â–µ–Ω–∏–µ –∏ —á–µ–ª–æ–≤–µ—á–µ—Å–∫–æ–µ –æ—Ç–Ω–æ—à–µ–Ω–∏–µ!!!",3924204,5,0.0,0.0,0.0,1.0,0.0,0
654,–°–ø–∞—Å–∏–±–æ –±–æ–ª—å—à–æ–µ –≤–∞–º –∑–∞ —Ä–∞–±–æ—Ç—É!,3924205,5,1.0,0.0,0.0,0.0,0.0,0
655,"–≤—Å–µ –±—ã—Å—Ç—Ä–æ –∏ –æ–ø–µ—Ä–∞—Ç–∏–≤–Ω–æ 
",3924313,5,0.0,0.0,0.0,1.0,0.0,0
656,"–í–æ–ø—Ä–æ—Å —Ä–µ—à–µ–Ω,–Ω—É –º—É—Å–æ—Ä–∫–∞ —Å–Ω–æ–≤–∞ –ø–æ–ª–Ω–∞—è.–º–æ–∂–Ω–æ –ø–æ—Å—Ç–∞–≤–∏—Ç—å –¥–≤–∞ –∫–æ–Ω—Ç–µ–π–Ω–µ—Ä–∞? ",3924411,4,1.0,0.0,0.0,0.0,0.0,0
657,"–°–ø–∞—Å–∏–±–æ! –ù–µ –¥–µ–ª–∞–π—Ç–µ —Ç–∞–∫ –±–æ–ª—å—à–µ, –∏–ª–∏ —Ö–æ—Ç—è –±—ã –∑–∞—Ä–∞–Ω–µ–µ –ø—Ä–µ–¥—É–ø—Ä–µ–∂–¥–∞–π—Ç–µ –æ —Ä–∞–Ω–Ω–µ–º –æ—Ç–∫–ª—é—á–µ–Ω–∏–∏ –≤–æ–¥—ã, —á—Ç–æ–± –ª—é–¥–∏ —Å –≤–µ—á–µ—Ä–∞ —É—Å–ø–µ–ª–∏ –µ—ë –Ω–∞–±—Ä–∞—Ç—å!! ",3924430,5,0.0,0.0,0.0,0.0,0.0,1
658,–ü—Ä–∏–µ—Ö–∞–ª–∏ –±—ã—Å—Ç—Ä–æ. –°–ø–∞—Å–∏–±–æ!,3924431,5,0.0,0.0,0.0,1.0,0.0,0
660,–í—Å—ë –±—ã—Å—Ç—Ä–æ . –†–∞–±–æ—Ç–∞ –≤—ã–ø–æ–ª–Ω–µ–Ω–∞,3924473,5,1.0,0.0,0.0,1.0,0.0,0
661,–ë–ª–∞–≥–æ–¥–∞—Ä—é –∑–∞ –æ–ø–µ—Ä–∞—Ç–∏–≤–Ω–æ—Å—Ç—å! ,3924547,5,0.0,0.0,0.0,1.0,0.0,0
663,"—Å–ø–∞—Å–∏–±–æ, –æ—Ç–ª–∏—á–Ω–æ ",3924568,5,0.0,0.0,0.0,0.0,1.0,0
665,—Å–ø–∞—Å–∏–±–æ –∑–∞ –±—ã—Å—Ç—Ä—É—é —Ä–µ–∞–∫—Ü–∏—é!,3924647,5,0.0,0.0,0.0,1.0,0.0,0
666,–í—Å–µ —Å—É–ø–µ—Ä,3924661,5,1.0,0.0,0.0,0.0,1.0,0
667,–≤—Å–µ –æ—Ç–ª–∏—á–Ω–æ.,3924685,5,1.0,0.0,0.0,0.0,0.0,0
668,–ü—Ä–µ—Ç–µ–Ω–∑–∏–π –Ω–µ—Ç,3924836,5,0.0,0.0,0.0,0.0,1.0,0
669,"–°–ø–∞—Å–∏–±–æ –±–æ–ª—å—à–æ–µ –º–∞—Å—Ç–µ—Ä—É, –≤—Å–µ –ø–æ—á–∏–Ω–∏–ª, –æ–±—ä—è—Å–Ω–∏–ª! ",3924911,5,0.0,0.0,1.0,0.0,0.0,0
670,—Å–ø–∞—Å–∏–±–æ –±–æ–ª—å—à–æ–µ –≤—Å–µ–º –∫—Ç–æ –ø–æ–º–æ–≥ —Ä–µ—à–∏—Ç—å –¥–∞–Ω–Ω—É—é –ø—Ä–æ–±–ª–µ–º—É ,3925142,5,1.0,0.0,0.0,0.0,0.0,0
671,"–°–ø–∞—Å–∏–±–æ –æ–≥—Ä–æ–º–Ω–æ–µ –ü–µ—Ç—Ä–∏–Ω–µ –û–∫—Å–∞–Ω–µ –í–¥–∞–¥–∏–º–∏—Ä–æ–≤–Ω–µ. –ò–∑ 5 –∑–∞—è–≤–æ–∫  —Ç–æ–ª—å–∫–æ –æ–Ω–∞ —Å–º–æ–≥–ª–∞ –ø—Ä–∞–≤–∏–ª—å–Ω–æ –æ—Ç–≤–µ—Ç–∏—Ç—å –Ω–∞ –∑–∞—è–≤–∫—É. –ê –æ—Å—Ç–∞–ª—å–Ω—ã—Ö –º–æ–∂–µ—Ç–µ —É–≤–æ–ª—å–Ω—è—Ç—å ,—Ä–∞–±–æ—Ç–∞—é—Ç –≤–∏–¥–Ω–æ –¥–ª—è –≥–∞–ª–æ—á–∫–∏.",3925271,5,0.0,0.0,1.0,0.0,0.0,0
672,–°–ø–∞—Å–∏–±–æ –æ–≥—Ä–æ–º–Ω–æ–µ,3925293,5,1.0,0.0,0.0,0.0,0.0,0
673,–í—Å–µ –æ—á–µ–Ω—å —Ö–æ—Ä–æ—à–æ ,3925338,5,1.0,0.0,0.0,0.0,0.0,0
674,–ë—ã—Å—Ç—Ä–æ –∏ —á–µ—Ç–∫–æ!)),3925362,5,0.0,0.0,0.0,1.0,1.0,0
676,–∑–∞–º–µ—á–∞—Ç–µ–ª—å–Ω—ã–π —à—É—Ç—Ä–æ –∏ –±—ã—Å—Ç—Ä–æ —Å–¥–µ–ª–∞–ª–∏ –ú–æ–ª–æ–¥–µ—Ü üëç,3925459,5,1.0,0.0,0.0,1.0,0.0,0
678,—Å–ø–∞—Å–∏–±–æ. —Ä–µ—à–∏–ª–∏ –æ–ø–µ—Ä–∞—Ç–∏–≤–Ω–æ! ,3925547,5,0.0,0.0,0.0,1.0,0.0,0
679,–ë—ã—Å—Ç—Ä–æ –∫–∞—á–µ—Å—Ç–≤–µ–Ω–Ω–æ ,3925566,5,0.0,1.0,0.0,1.0,0.0,0
680,–û—Ç–ª–∏—á–Ω—ã–π —Å–ø–µ—Ü–∏–∞–ª–∏—Å—Ç! ,3925616,5,0.0,0.0,1.0,0.0,0.0,0
681,–°–ø–∞—Å–∏–±–æ –ù–∏–∫–∏—Ç–∞üí™,3925656,5,0.0,0.0,1.0,0.0,0.0,0
685,–û–ø–µ—Ä–∞—Ç–∏–≤–Ω–æ. –û—á–µ–Ω—å –≤–µ–∂–ª–∏–≤—ã–π —Å–∞–Ω—Ç–µ—Ö–Ω–∏–∫. –ü—Ä–∏—è—Ç–Ω–æ –±—ã–ª–æ –æ–±—â–∞—Ç—å—Å—è –∏ –ø–æ–ª—É—á–∏—Ç—å —Ä–µ—à–µ–Ω–∏–µ –ø—Ä–æ–±–ª–µ–º—ã —á–µ—Ä–µ–∑ 25 –º–∏–Ω—É—Ç. –°–ø–∞—Å–∏–±–æ.,3925871,5,0.0,0.0,1.0,1.0,0.0,0
686,–°–ø–∞—Å–∏–±–æ –∑–∞ –æ–ø–µ—Ä–∞—Ç–∏–≤–Ω–æ—Å—Ç—å.,3925996,5,0.0,0.0,0.0,1.0,0.0,0
689,—Å–ø–∞—Å–∏–±–æ –∑–∞ –∏–Ω—Ñ–æ—Ä–º–∞—Ü–∏—é!,3926222,5,1.0,0.0,0.0,0.0,0.0,0
690,–û—á–µ–Ω—å –Ω—Ä–∞–≤–∏—Ç—Å—è —á—Ç–æ —Å—Ç–∞–ª–∏ –ø–æ–ª–∏–≤–∞—Ç—å –≥–∞–∑–æ–Ω,3926410,5,1.0,0.0,0.0,0.0,0.0,0
692,–º–∞—Å—Ç–µ—Ä —Å—É–ø–µ—Ä!!!,3926559,5,0.0,0.0,1.0,0.0,0.0,0
693,—Å–ø–∞—Å–∏–±–æ –±–æ–ª—å—à–æ–µ –∑–∞ —Å–∫–æ—Ä–æ—Å—Ç—å,3926660,5,0.0,0.0,0.0,1.0,0.0,0
694,–°–ø–∞—Å–∏–±–æ –¥–µ–∂—É—Ä–Ω–æ–º—É —Å–∞–Ω—Ç–µ—Ö–Ω–∏–∫—É,3926685,5,0.0,0.0,1.0,0.0,0.0,0
696,"–æ–ø–µ—Ä–∞—Ç–∏–≤–Ω–æ,—Å–ø–∞—Å–∏–±–æ",3926829,5,0.0,0.0,0.0,1.0,0.0,0
697,–°–æ—Ç—Ä—É–¥–Ω–∏–∫ –ø–æ–∑–≤–æ–Ω–∏–ª –∏ –≤—Å—ë –ø–æ–Ω—è—Ç–Ω–æ –æ–±—ä—è—Å–Ω–∏–ª. –°–ø–∞—Å–∏–±–æ.,3926847,5,0.0,0.0,1.0,0.0,1.0,0
698,–°–ø–∞—Å–∏–±–æ –í–∞–º –¢–∞—Ç—å—è–Ω–∞. –•–æ—Ä–æ—à–µ–≥–æ –¥–Ω—è ü§ùüëçüòé,3926885,5,0.0,0.0,1.0,0.0,0.0,0
699,–ë–ª–∞–≥–æ–¥–∞—Ä—é –£–ö –∑–∞ –æ–ø–µ—Ä–∞—Ç–∏–≤–Ω–æ—Å—Ç—å –∏ —Ä–µ—à–µ–Ω–∏–µ –º–æ–µ–≥–æ –≤–æ–ø—Ä–æ—Å–∞.,3926964,5,0.0,0.0,0.0,1.0,0.0,0
701,—Ö–æ—Ä–æ—à–æ ,3927060,1,0.0,0.0,0.0,0.0,1.0,0
703,—Å–ø–∞—Å–∏–±–æ –∑–∞ –æ–ø–µ—Ä–∞—Ç–∏–≤–Ω–æ—Å—Ç—å! ,3927168,5,0.0,0.0,0.0,1.0,0.0,0
704,"–°–æ—Ç—Ä—É–¥–Ω–∏–∫ —Å—É–ø–µ—Ä,–≤–µ–∂–ª–∏–≤—ã–π –∏ —Ä–∞–±–æ—Ç–∞ –≤—ã–ø–æ–ª–Ω–µ–Ω–∞ –Ω–∞ 5+",3927330,5,0.0,0.0,1.0,0.0,0.0,0
706,–°–ø–∞—Å–∏–±–æ. –û—á–µ–Ω—å –±—ã—Å—Ç—Ä–æ –ø—Ä–∏–Ω—è–ª–∏ –º–µ—Ä—ã.,3927378,5,0.0,0.0,0.0,1.0,0.0,0
708,–í—Å–µ –¥–æ—Å—Ç—É–ø–Ω–æ –æ–±—ä—è—Å–Ω–∏–ª–∏.,3927480,5,1.0,0.0,0.0,0.0,0.0,0
709,"–û—Ç–ª–∏—á–Ω—ã–π —Å–ø–µ—Ü–∏–∞–ª–∏—Å—Ç. –í—Å–µ –ø–æ–∫–∞–∑–∞–ª, —Ä–∞—Å—Å–∫–∞–∑–∞–ª –æ–±—ä—è—Å–Ω–∏–ª.",3927514,5,0.0,0.0,1.0,0.0,0.0,0
710,"–æ—Ç–∑—ã–≤—á–∏–≤—ã–µ –º–µ–Ω–µ–¥–∂–µ—Ä—ã, –≤—Å–µ–º —Å–ø–∞—Å–∏–±–æ –∑–∞ –±—ã—Å—Ç—Ä–æ—Ç—É",3927621,5,0.0,0.0,1.0,0.0,0.0,0
711,"–î–∞–Ω–∞ –∫–æ–Ω—Å—É–ª—å—Ç–∞—Ü–∏—è, –∂–¥—É —Ä–µ—à–µ–Ω–∏—è",3927634,5,0.0,0.0,0.0,0.0,0.0,1
713,–û—á–µ–Ω—å –æ–ø–µ—Ä–∞—Ç–∏–≤–Ω–æ! –°–ø–∞—Å–∏–±–æ –±–æ–ª—å—à–æ–µ!!! ,3927735,5,0.0,0.0,0.0,1.0,1.0,0
714,–û–ø–µ—Ä–∞—Ç–∏–≤–Ω–æ –∏ —á–µ—Ç–∫–æ —Ä–µ—à–µ–Ω –≤–æ–ø—Ä–æ—Å. –ë–ª–∞–≥–æ–¥–∞—Ä—é. ,3927815,5,0.0,0.0,0.0,1.0,1.0,0
715,–≤—Å–µ –Ω–∞ –≤—ã—Å—à–µ–º —É—Ä–æ–≤–Ω–µ ,3927826,5,0.0,1.0,0.0,1.0,1.0,0
716,–°–ø–∞—Å–∏–±–æ üëçüèªüëçüèªüëçüèª,3927830,5,1.0,0.0,0.0,0.0,0.0,0
717,"–°–ø–∞—Å–∏–±–æ,—á—Ç–æ –≤–∫–ª—é—á–∏–ª–∏ –∫—Ä–∞–Ω ",3927965,5,1.0,0.0,0.0,0.0,0.0,0
718,–õ—É—á—à–∏–π —Å–ø–µ—Ü–∏–∞–ª–∏—Å—Ç! –°–ø–∞—Å–∏–±–æ ,3928090,5,0.0,0.0,1.0,0.0,0.0,0
719,"–ø—Ä–æ–±–ª–µ–º–∞ –Ω–µ —Ä–µ—à–µ–Ω–∞,–Ω–æ –¥–∞–Ω—ã –∏—Å—á–µ—Ä–ø—ã–≤–∞—é—â–∏–µ —Ä–∞–∑—ä—è—Å–Ω–µ–Ω–∏—è –∏ —Ä–µ–∫–æ–º–µ–µ–¥–∞—Ü–∏–∏",3928119,5,0.0,0.0,0.0,0.0,0.0,1
720,–ò–¥–µ–∞–ª—å–Ω–æ!,3928138,5,1.0,0.0,0.0,0.0,1.0,0
721,—Å–ø–∞—Å–∏–±–æ –±–æ–ª—å—à–æ–µ –∑–∞ –ø–æ–º–æ—â—å!–ú–∞—Ä–∏—è —Ä–µ—à–∏–ª–∞ –±—ã—Å—Ç—Ä–æ –≤–æ–ø—Ä–æ—Å.–ù–∞—Å—Ç–æ—è—â–∏–π —Å–ø–µ—Ü–∏–∞–ª–∏—Å—Ç. ,3928192,5,0.0,0.0,1.0,1.0,0.0,0
722,"–°—É–ø–µ—Ä, —Å–ø–∞—Å–∏–±–æ !",3928281,5,1.0,0.0,0.0,0.0,1.0,0
723,"–≤—Å–µ –ø—Ä–æ—à–ª–æ –±—ã—Å—Ç—Ä–æ,—Å–ø–∞—Å–∏–±–æ —Å–æ—Ç—Ä—É–¥–Ω–∏–∫—É. ",3928288,5,0.0,0.0,1.0,1.0,0.0,0
724,"–ë–ª–∞–≥–æ–¥–∞—Ä—è –ø–æ–º–æ—â–∏ –ê–Ω–∞—Å—Ç–∞—Å–∏–∏, –±—ã—Å—Ç—Ä–æ –≤—Å—ë —Ä–µ—à–∏–ª–∏. –û—Ç–ª–∏—á–Ω–∞—è, –æ–ø–µ—Ä–∞—Ç–∏–≤–Ω–∞—è —Ä–∞–±–æ—Ç–∞",3928290,5,0.0,0.0,1.0,0.0,0.0,0
725,–ë—ã—Å—Ç—Ä–æ –∏ –æ–ø–µ—Ä–∞—Ç–∏–≤–Ω–æ —Å–ø–∞—Å–∏–±–æ –º–∞—Å—Ç–µ—Ä—É ,3928297,5,0.0,0.0,1.0,1.0,0.0,0
726,–°–ø–∞—Å–∏–±–æ –∑–∞ –≤–∞—à—É —Ä–∞–±–æ—Ç—É! ,3928345,5,1.0,1.0,0.0,0.0,1.0,0
727,–í—Å–µ —É—Å—Ç—Ä–∞–Ω–∏–ª–∏ –≤ –∫–æ—Ä–æ—Ç–∫–∏–µ —Å—Ä–æ–∫–∏. –ú–æ–ª–æ–¥—Ü—ã,3928349,5,0.0,0.0,0.0,1.0,0.0,0
728,"–±—ã—Å—Ç—Ä–æ, –∫–∞—á–µ—Å—Ç–≤–µ–Ω–Ω–æ, –±–µ–∑ –ª–∏—à–Ω–∏—Ö –≤–æ–ø—Ä–æ—Å–æ–≤ –∏ –Ω—é–∞–Ω—Å–æ–≤ ",3928497,5,0.0,1.0,0.0,1.0,0.0,0
729,"–æ–ø–µ—Ä–∞—Ç–∏–≤–Ω–æ,  –∫–∞—á–µ—Å—Ç–≤–µ–Ω–Ω–æ! —Å–ø–∞—Å–∏–±–æ!",3928714,5,0.0,1.0,0.0,1.0,0.0,0
731,–æ—Ç–ª–∏—á–Ω–∞—è —Ä–∞–±–æ—Ç–∞,3928825,5,1.0,0.0,0.0,0.0,1.0,0
732,—Å–ø–∞—Å–∏–±–æ –∑–∞ –±—ã—Å—Ç—Ä–æ–µ —Ä–µ—à–µ–Ω–∏–µ –≤–æ–ø—Ä–æ—Å–∞! ,3928888,5,1.0,0.0,0.0,1.0,0.0,0
733,–°–ø–∞—Å–∏–±–æ –∑–∞ –≤–∞—à—É —Ä–∞–±–æ—Ç—É ,3928911,5,1.0,0.0,0.0,0.0,1.0,0
734,–æ—á–µ–Ω—å –æ–ø–µ—Ä–∞—Ç–∏–≤–Ω–æ. —Å–ø–∞—Å–∏–±–æ,3929011,5,0.0,0.0,0.0,1.0,0.0,0
736,–ú–≥–Ω–æ–≤–µ–Ω–Ω–æ. –°–ø–∞—Å–∏–±–æ,3929431,5,0.0,0.0,0.0,1.0,1.0,0
737,"–û–∫–∞–∑–∞–ª–æ—Å—å, —á—Ç–æ —ç—Ç–æ –Ω–µ –∞–≤–∞—Ä–∏—è, –∞ –Ω—é–∞–Ω—Å—ã —Å–∏—Å—Ç–µ–º—ã –≤–æ–¥–æ—Å–Ω–∞–±–∂–µ–Ω–∏—è –∏ –æ—Ç–æ–ø–ª–µ–Ω–∏—è.
–í—Å—ë –ø–æ–¥—Ä–æ–±–Ω–æ –æ–±—ä—è—Å–Ω–∏–ª–∏, —Å–ø–∞—Å–∏–±–æ!)",3929549,5,1.0,0.0,0.0,0.0,0.0,0
738,"–°–ø–∞—Å–∏–±–æ. –û—Ç–ª–∏—á–Ω–∞—è —Ä–∞–±–æ—Ç–∞, –ø—Ä–µ–∫—Ä–∞—Å–Ω—ã–π –∫–æ–ª–ª–µ–∫—Ç–∏–≤ ",3929557,5,1.0,0.0,1.0,0.0,1.0,0
739,–°–ø–∞—Å–∏–±–æ) –û–ø–µ—Ä–∞—Ç–∏–≤–Ω–æ —É—Å—Ç—Ä–∞–Ω–∏–ª–∏ –ø—Ä–æ–±–ª–µ–º—É.,3929624,5,1.0,0.0,0.0,1.0,1.0,0
740,"–±—ã—Å—Ç—Ä–æ –ø–æ–Ω—è—Ç–Ω–æ —Å–ø–∞—Å–∏–±–æ 
",3929881,5,0.0,0.0,0.0,1.0,1.0,0
741,–≤–æ–ø—Ä–æ—Å —Ä–µ—à–µ–Ω,3929910,5,1.0,0.0,0.0,0.0,0.0,0
742,–°–ø–∞—Å–∏–±–æ –∑–∞ –ø—Ä–æ—è–≤–ª–µ–Ω–Ω–æ–µ —É—á–∞—Å—Ç–∏–µ –∏ –∏–Ω—Ü–∏–∞—Ç–∏–≤—É.,3929918,4,1.0,0.0,0.0,0.0,0.0,0
743,–û–∫. ,3929919,5,0.0,0.0,0.0,0.0,0.0,1
744,–•–æ—Ç—å –Ω–∞ –∑–∞—è–≤–∫–∏ –±—ã—Å—Ç—Ä–æ –æ—Ç—Ä–µ–∞–≥–∏—Ä–æ–≤–∞–ª–∏ ,3929997,5,0.0,0.0,0.0,1.0,0.0,0
745,–ó–∞–º–µ–Ω–∏–ª–∏,3930019,5,1.0,0.0,0.0,0.0,0.0,0
746,–°–ø–∞—Å–∏–±–æ –±–æ–ª—å—à–æ–µ –∑–∞ –æ–ø–µ—Ä–∞—Ç–∏–≤–Ω–æ–µ —Ä–µ–∞–≥–∏—Ä–æ–≤–∞–Ω–∏–µ –∏ —É—Å—Ç—Ä–∞–Ω–µ–Ω–∏–µ –Ω–µ–∏—Å–ø—Ä–∞–≤–Ω–æ—Å—Ç–µ–π! ,3930202,5,0.0,0.0,0.0,1.0,1.0,0
747,–ë–æ–ª—å—à–æ–µ —Å–ø–∞—Å–∏–±–æ –∑–∞ –æ–ø–µ—Ä–∞—Ç–∏–≤–Ω–æ—Å—Ç—å —Ä–µ—à–µ–Ω–∏—è –≤–æ–ø—Ä–æ—Å–∞!,3930255,5,0.0,0.0,0.0,1.0,0.0,0
749,–≥—Ä–∞–º–æ—Ç–Ω—ã–π —Å–ø–µ—Ü–∏–∞–ª–∏—Å—Ç.,3930387,5,0.0,0.0,1.0,0.0,0.0,0
750,"–≠–ª–µ–∫—Ç—Ä–∏–∫ –±—ã—Å—Ç—Ä–æ –ø—Ä–∏—à—ë–ª –∏ –≤—Å—ë —É—Å—Ç—Ä–∞–Ω–∏–ª! –°–ø–∞—Å–∏–±–æ, –æ—á–µ–Ω—å –¥–æ–≤–æ–ª–µ–Ω —Ä–∞–±–æ—Ç–æ–π! ",3930751,5,0.0,0.0,1.0,0.0,0.0,0
752,"–°–ø–∞—Å–∏–±–æ –∑–∞ –æ–ø–µ—Ä–∞—Ç–∏–≤–Ω–æ—Å—Ç—å, –∂–µ–ª–∞—Ç–µ–ª—å–Ω–æ –ø—Ä–æ–≤–µ—Ä–∏—Ç—å –∏ –¥—Ä—É–≥–∏–µ —Å—Ç–æ–ª–±—ã –æ—Å–≤–µ—â–µ–Ω–∏—è ",3930767,5,0.0,0.0,0.0,1.0,0.0,0
753,—Å—É–ø–µ—Ä –æ–ø–µ—Ä–∞—Ç–∏–≤–Ω–æ,3930838,5,0.0,0.0,0.0,1.0,0.0,0
754,–±—ã—Å—Ç—Ä–æ —É–º—Ç—Ä–∞–Ω–∏–ª–∏,3930866,5,0.0,0.0,0.0,1.0,0.0,0
755,–û–ø–µ—Ä–∞—Ç–∏–≤–Ω–æ –∏ –∫–∞—á–µ—Å—Ç–≤–µ–Ω–Ω–æ –º–∞—Å—Ç–µ—Ä —Ä–µ—à–∏–ª –ø—Ä–æ–±–ª–µ–º—É! –û–≥—Ä–æ–º–Ω–æ–µ —Å–ø–∞—Å–∏–±–æ –µ–º—É.,3930927,5,0.0,1.0,1.0,1.0,0.0,0
757,"–ë—ã—Å—Ç—Ä–æ –∏—Å–ø—Ä–∞–≤–∏–ª–∏, —Å–ø–∞—Å–∏–±–æ!",3931016,5,0.0,0.0,0.0,1.0,0.0,0
759,–°—É–ø–µ—Ä!!!!,3931178,5,1.0,0.0,0.0,0.0,0.0,0
762,–ë–ª–∞–≥–æ–¥–∞—Ä—é –∑–∞ –ø–æ–º–æ—â—å!,3931695,5,1.0,0.0,0.0,0.0,0.0,0
763,"–û–ø–µ—Ä–∞—Ç–∏–≤–Ω–æ, –∞–∫–∫—É—Ä–∞—Ç–Ω–æ, –≤ —É–¥–æ–±–Ω–æ–µ –≤—Ä–µ–º—è. ",3932129,5,0.0,0.0,0.0,1.0,0.0,0
764,"–ë—ã—Å—Ç—Ä–æ –æ–±—Ä–∞–±–æ—Ç–∞–ª–∏ –∑–∞—è–≤–∫—É, —Å–ø–∞—Å–∏–±–æ –∑–∞ –æ–ø–µ—Ä–∞—Ç–∏–≤–Ω–æ—Å—Ç—å",3932312,5,0.0,0.0,0.0,1.0,0.0,0
765,–°–ø–∞—Å–∏–±–æ –±–æ–ª—å—à–æ–µ.,3932338,5,1.0,0.0,0.0,0.0,0.0,0
766,–ë–ª–∞–≥–æ–¥–∞—Ä—é !,3932396,5,1.0,0.0,0.0,0.0,0.0,0
768,"–ú–æ–ª–æ–¥—Ü—ã, —Å–ø–∞—Å–∏–±–æ ",3932459,5,0.0,0.0,1.0,0.0,0.0,0
769,–í—Å—ë —Å–¥–µ–ª–∞–ª–∏ –æ—Ç–ª–∏—á–Ω–æ,3932495,5,1.0,0.0,0.0,0.0,0.0,0
770,–•–æ—Ä–æ—à–∏–π –º–∞—Å—Ç–µ—Ä —Å–¥–µ–ª–∞–ª –≤—Å—ë –±—ã—Å—Ç—Ä–æ ,3932575,5,0.0,0.0,1.0,0.0,0.0,0
771,–ø—Ä–æ–±–ª–µ–º–∞ —Ä–µ—à–µ–Ω–∞ –ø–æ—Å–ª–µ —Ç–æ–≥–æ –∫–∞–∫ —Å—Ö–æ–¥–∏–ª –≤ –æ—Ñ–∏—Å –∏ —Ä–∞–∑—å—è—Å–Ω–∏–ª –Ω–∞ –ø–∞–ª—å—Ü–∞—Ö,3932622,3,0.0,0.0,0.0,0.0,0.0,1
772,"–†–∞–±–æ—Ç–∞ –≤—ã–ø–æ–ª–Ω–µ–Ω–∞,  –≤ –∫—Ä–∞—Ç—á–∞–π—à–∏–π —Å—Ä–æ–∫. –ë–ª–∞–≥–æ–¥–∞—Ä—é ",3932847,5,0.0,0.0,0.0,1.0,0.0,0
774,"–ú–∞—Å—Ç–µ—Ä –ø—Ä–∏—à–µ–ª –Ω–∞ —Å–ª–µ–¥—É—é—â–∏–π –¥–µ–Ω—å –∏ –æ—Ç–≤–µ—Ç–∏–ª –Ω–∞ –≤—Å–µ –≤–æ–ø—Ä–æ—Å—ã, –≤—ã–¥–∞–ª —Ä–µ–∫–æ–º–µ–Ω–¥–∞—Ü–∏–∏ –ø–æ —É—Å—Ç—Ä–∞–Ω–µ–Ω–∏—é –ø—Ä–æ–±–ª–µ–º—ã. –°–ø–∞—Å–∏–±–æ!",3932946,5,0.0,0.0,0.0,0.0,1.0,0
775,–í—Å–µ —Å–¥–µ–ª–∞–ª–∏ –æ—á–µ–Ω—å –±—ã—Å—Ç—Ä–æ! –°–ø–∞—Å–∏–±–æ –±–æ–ª—å—à–æ–µ!,3932950,5,0.0,0.0,0.0,1.0,0.0,0
776,"–ü—Ä–∏ –ª–∏—á–Ω–æ–º –æ–±—â–µ–Ω–∏–∏ –±—ã–ª–∏ —Ä–µ—à–µ–Ω—ã –≤—Å–µ –≤–æ–ø—Ä–æ—Å—ã, –ø–æ–ª–Ω–æ–µ –≤–∑–∞–∏–º–æ–ø–æ–Ω–∏–º–∞–Ω–∏–µ, –æ—Ç–ª–∏—á–Ω–æ –≤—ã–ø–æ–ª–Ω–µ–Ω–Ω–∞—è —Ä–∞–±–æ—Ç–∞... ",3932971,5,0.0,0.0,0.0,0.0,1.0,0
777,—Å—É–ø–µ—Ä –æ–ø–µ—Ä–∞—Ç–∏–≤–Ω–æ ,3933004,5,0.0,0.0,0.0,1.0,0.0,0
778,–í—Å—ë —Å—É–ø–µ—Ä ,3933019,5,1.0,0.0,0.0,0.0,0.0,0
780,"–°–ø–∞—Å–∏–±–æ, –≤—Å—ë –æ–ø–µ—Ä–∞—Ç–∏–≤–Ω–æ —Å–¥–µ–ª–∞–Ω–æ!",3933123,5,0.0,0.0,0.0,1.0,0.0,0
781,"—Å–ø–∞—Å–∏–±–æ,–æ—Ç—Ä–µ–∞–≥–∏—Ä–æ–≤–∞–ª–∏ –æ—á–µ–Ω—å –±—ã—Å—Ç—Ä–æ!",3933159,5,0.0,0.0,0.0,1.0,0.0,0
782,"–æ—á–µ–Ω—å –±—ã—Å—Ç—Ä–æ –æ—Ç—Ä–µ–∞–≥–∏—Ä–æ–≤–∞–ª–∏..–ø–æ—Å–º–æ—Ç—Ä–∏–º ,–∫–∞–∫ –¥–∞–ª—å—à–µ –±—É–¥–µ—Ç..",3933243,5,0.0,0.0,0.0,1.0,0.0,0
783,"–ó–¥—Ä–∞–≤—Å—Ç–≤—É–π—Ç–µ. –°–ø–∞—Å–∏–±–æ –ì–µ–Ω–Ω–∞–¥–∏—é –∑–∞ —Ä–∞–±–æ—Ç—É. –í—Å–µ –ø—Ä–æ–≤–µ—Ä–∏–ª –∏ —Ä–µ—à–∏–ª —Ä–∞–±–æ—Ç—É. –ü—Ä–æ—Å—å–±–∞ –µ—Å–ª–∏ —Ä–∞–Ω–µ–µ –≤–æ–ø—Ä–æ—Å –Ω–µ —Ä–µ—à–µ–Ω, —Ç–æ –Ω–µ –∑–∞–∫—Ä—ã–≤–∞—Ç—å –∑–∞—è–≤–∫–∏ –ø—Ä–æ—Å—Ç–æ —Ç–∞–∫, –∞ –ø–µ—Ä–µ–¥–∞–≤–∞—Ç—å –∏–Ω—Ñ–æ—Ä–º–∞—Ü–∏—é —Å–ø–µ—Ü–∏–∞–ª–∏—Å—Ç–∞–º –≤ —É–∫–∞–∑–∞–Ω–Ω–æ–π —Å—Ñ–µ—Ä–µ. ",3933289,5,0.0,0.0,0.0,0.0,0.0,1
784,"–ë–ª–∞–≥–æ–¥–∞—Ä—é –∑–∞ –æ–ø–µ—Ä–∞—Ç–∏–≤–Ω–æ–µ —Ä–µ—à–µ–Ω–∏–µ. –û—Ç–≤–µ—Ç—Å—Ç–≤–µ–Ω–Ω—ã–π —Å–æ—Ç—Ä—É–¥–Ω–∏–∫ –¥–µ—Ä–∂–∞–ª –º–µ–Ω—è –≤ –∫—É—Ä—Å–µ –≤—ã–ø–æ–ª–Ω–µ–Ω–∏—è –∑–∞—è–≤–∫–∏,–∑–∞ —á—Ç–æ –µ–º—É –æ—Ç–¥–µ–ª—å–Ω–æ–µ —Å–ø–∞—Å–∏–±–æ.–û—á–µ–Ω—å –∫–ª–∏–µ–Ω—Ç–æ–æ—Ä–∏–µ–Ω—Ç–∏—Ä–æ–≤–∞–Ω–Ω—ã–π –ø–æ–¥—Ö–æ–¥! –°–ø–∞—Å–∏–±–æ!",3933331,5,0.0,0.0,1.0,1.0,0.0,0
785,—Å–ø–∞—Å–∏–±–æ! –æ—á–µ–Ω—å –æ–ø–µ—Ä–∞—Ç–∏–≤–Ω–æ! 5+,3933373,5,0.0,0.0,0.0,1.0,0.0,0
787,"–í–∞—É—É, —Å—É–ø–µ—Ä —Å–ø–∞—Å–∏–±–æ",3933799,5,1.0,0.0,0.0,0.0,0.0,0
788,–ù–∞–∫–æ–Ω–µ—Ü —Ç–æ.  –°–ø–∞—Å–∏–±–æ. ,3933980,5,1.0,0.0,0.0,0.0,0.0,0
789,"–û–≥—Ä–æ–º–Ω–æ–µ —Å–ø–∞—Å–∏–±–æ, –æ—á–µ–Ω—å –ø–æ–º–æ–≥–ª–∏! –ë—ã—Å—Ç—Ä–æ –∏ –ø—Ä–æ—Ñ–µ—Å—Å–∏–æ–Ω–∞–ª—å–Ω–æ! ",3934049,5,0.0,1.0,0.0,1.0,0.0,0
790,"–≤—Å–µ –Ω–æ—Ä–º–∞–ª—å–Ω–æ, —Å–ø–∞—Å–∏–±–æ


",3934120,5,1.0,0.0,0.0,0.0,0.0,0
791,"–°–ø–∞—Å–∏–±–æ –æ–≥—Ä–æ–º–Ω–æ–µ –¢–∞—Ç—å—è–Ω–µ, –≤–æ–ø—Ä–æ—Å —Ä–µ—à–∏–ª—Å—è –æ—á–µ–Ω—å –æ–ø–µ—Ä–∞—Ç–∏–≤–Ω–æ –∏ —á–µ—Ç–∫–æ. ",3934243,5,0.0,0.0,1.0,0.0,0.0,0
792,–ë–æ–ª—å—à–æ–µ —Å–ø–∞—Å–∏–±–æ –º–∞—Å—Ç–µ—Ä—É üëç,3934321,5,0.0,0.0,1.0,0.0,0.0,0
793,"–°–ø–∞—Å–∏–±–æ –æ–ø–µ—Ä–∞—Ç–æ—Ä—É,  –¥–µ–∂. (–∞–≤–∞—Ä–∏–π–Ω–æ–π) —Å–º–µ–Ω–µ –∑–∞ –æ–ø–µ—Ä–∞—Ç–∏–≤–Ω—É—é —Ä–∞–±–æ—Ç—É!!!",3934485,5,0.0,0.0,1.0,0.0,0.0,0
794,"–ü—Ä–æ–±–ª–µ–º—É —Ä–µ—à–∏–ª–∏ –≤—Ä–µ–º–µ–Ω–Ω–æ, –Ω–∞–¥–µ—é—Å—å –ª—é–∫ –ø–æ–º–µ–Ω—è—é—Ç",3934520,1,0.0,0.0,0.0,0.0,0.0,1
795,"–û—Ç—Ä–µ–∞–≥–∏—Ä–æ–≤–∞–ª–∏ –æ–ø–µ—Ä–∞—Ç–∏–≤–Ω–æ, –ø—Ä–æ–±–ª–µ–º—É —Ä–µ—à–∏–ª–∏ –∏ –∏—Å–ø—Ä–∞–≤–∏–ª–∏ –ø–æ –∑–≤–æ–Ω–∫—É —Ç–µ–ª–µ—Ñ–æ–Ω–∞! 
 ",3934549,5,0.0,0.0,0.0,1.0,0.0,0
796,–û–ª—å–≥–∞ –ü—Ç—É—à–∫–∏–Ω–∞  –æ—á–µ–Ω—å –±—ã—Å—Ç—Ä–æ –∏ –≥—Ä–∞–º–æ—Ç–Ω–æ —Ä–µ—à–∏–ª–∞ –Ω–∞—à –≤–æ–ø—Ä–æ—Å .–ë–æ–ª—å—à–æ–µ —Å–ø–∞—Å–∏–±–æ !!!,3934613,5,0.0,0.0,1.0,0.0,0.0,0
797,–°–ø–∞—Å–∏–±–æ –∑–∞ –æ–±—Ä–∞—Ç–Ω—É—é —Å–≤—è–∑—å! ,3934650,5,0.0,0.0,0.0,0.0,0.0,1
798,–æ—á–µ–Ω—å –æ–ø–µ—Ä–∞—Ç–∏–≤–Ω–æ –≤–Ω–µ—Å–ª–∏ –¥–∞–Ω–Ω—ã–µ –ø–æ –ø–æ–≤–µ—Ä–∫–µ ,3934651,5,0.0,0.0,0.0,1.0,0.0,0
